date,return,strategy,growth_1
2021-01-04,-0.013701064199660107,Baseline Equal Weight,0.9862989358003399
2021-01-05,0.012741623294831417,Baseline Equal Weight,0.9988659852964009
2021-01-06,0.013716586163369682,Baseline Equal Weight,1.012567016649378
2021-01-07,0.009797558524357708,Baseline Equal Weight,1.0224877012548346
2021-01-08,0.00253911971437204,Baseline Equal Weight,1.0250839199347936
2021-01-11,0.0002414370513015296,Baseline Equal Weight,1.0253314131737594
2021-01-12,0.0040531469905211726,Baseline Equal Weight,1.0294872321053514
2021-01-13,-0.0003666870544491996,Baseline Equal Weight,1.0291097324646177
2021-01-14,0.0041868925035171145,Baseline Equal Weight,1.0334185042887702
2021-01-15,-0.01246823740514158,Baseline Equal Weight,1.0205335970384315
2021-01-19,0.007686465686841393,Baseline Equal Weight,1.0283778935143362
2021-01-20,0.0075308815780699145,Baseline Equal Weight,1.0361224856478977
2021-01-21,-0.008091989758853502,Baseline Equal Weight,1.027738193105117
2021-01-22,-0.003257065088682176,Baseline Equal Weight,1.024390782916049
2021-01-25,0.0017190661049002465,Baseline Equal Weight,1.0261517783891323
2021-01-26,-0.0056332024769909506,Baseline Equal Weight,1.020371257649342
2021-01-27,-0.025689904680956,Baseline Equal Weight,0.9941580173011432
2021-01-28,0.010414456904308533,Baseline Equal Weight,1.0045116331283988
2021-01-29,-0.01484377110166979,Baseline Equal Weight,0.9896008923772763
2021-02-01,0.00851768601471714,Baseline Equal Weight,0.9980300020584298
2021-02-02,0.01746136858240077,Baseline Equal Weight,1.0154569717806663
2021-02-03,0.0018690288929368304,Baseline Equal Weight,1.0173548902004586
2021-02-04,0.009279172224145427,Baseline Equal Weight,1.0267951014397052
2021-02-05,0.006292140440644189,Baseline Equal Weight,1.0332558404217294
2021-02-08,0.013472894033687233,Baseline Equal Weight,1.0471767868694197
2021-02-09,-0.00285663638446354,Baseline Equal Weight,1.0441853835590829
2021-02-10,0.0018380613809194646,Baseline Equal Weight,1.0461046603871234
2021-02-11,-0.0011448702812424383,Baseline Equal Weight,1.044907006250377
2021-02-12,0.004569257067789323,Baseline Equal Weight,1.049681454973869
2021-02-16,0.0013897038414907303,Baseline Equal Weight,1.051140201324188
2021-02-17,0.0025314182146181086,Baseline Equal Weight,1.0538010767759374
2021-02-18,-0.006636366116092751,Baseline Equal Weight,1.0468076670169195
2021-02-19,0.0017552142697425666,Baseline Equal Weight,1.0486450387717436
2021-02-22,0.0031514621982569047,Baseline Equal Weight,1.0519498039708224
2021-02-23,0.0007040167077614345,Baseline Equal Weight,1.0526903942085442
2021-02-24,0.016122034613694103,Baseline Equal Weight,1.0696619051814775
2021-02-25,-0.019177178544150575,Baseline Equal Weight,1.0491488078439362
2021-02-26,-0.013518257118032562,Baseline Equal Weight,1.0349661445044245
2021-03-01,0.019963326496913902,Baseline Equal Weight,1.0556275115604186
2021-03-02,-0.002806234801394858,Baseline Equal Weight,1.052665172900168
2021-03-03,-0.006865622462034926,Baseline Equal Weight,1.0454379712441026
2021-03-04,-0.0076782230115960415,Baseline Equal Weight,1.0374108653560998
2021-03-05,0.017818035114266717,Baseline Equal Weight,1.0558954885829366
2021-03-08,0.002415640111810502,Baseline Equal Weight,1.0584461520790374
2021-03-09,0.005985780768517079,Baseline Equal Weight,1.064781778700663
2021-03-10,0.010144884675630017,Baseline Equal Weight,1.0755838670502935
2021-03-11,0.004733695242030489,Baseline Equal Weight,1.0806753532841542
2021-03-12,0.0073213229086621645,Baseline Equal Weight,1.0885873265049801
2021-03-15,0.005322672463124567,Baseline Equal Weight,1.0943815202914746
2021-03-16,-0.0006629149901878906,Baseline Equal Weight,1.0936560383766887
2021-03-17,0.00245252747758129,Baseline Equal Weight,1.0963382598618303
2021-03-18,-0.013330223758688198,Baseline Equal Weight,1.0817238255426613
2021-03-19,-0.004960196790008808,Baseline Equal Weight,1.0763582624955286
2021-03-22,0.005318652811677316,Baseline Equal Weight,1.0820830383947224
2021-03-23,-0.008369492885778818,Baseline Equal Weight,1.0730265521030558
2021-03-24,-0.0030626418984174286,Baseline Equal Weight,1.0697402560264706
2021-03-25,0.007372562002829097,Baseline Equal Weight,1.0776269823909481
2021-03-26,0.019572563755066552,Baseline Equal Weight,1.0987189052079749
2021-03-29,0.001166862291467341,Baseline Equal Weight,1.1000009588673842
2021-03-30,-0.00335673742590914,Baseline Equal Weight,1.096308544480218
2021-03-31,-0.0011654710318685924,Baseline Equal Weight,1.0950308286296364
2021-04-01,0.011919235422438001,Baseline Equal Weight,1.1080827588709004
2021-04-05,0.005152482779723799,Baseline Equal Weight,1.1137921362044916
2021-04-06,0.00029015905144835763,Baseline Equal Weight,1.1141153130742434
2021-04-07,-0.0009851625251714458,Baseline Equal Weight,1.113017728419083
2021-04-08,-0.0011896458588350756,Baseline Equal Weight,1.111693631487659
2021-04-09,0.002584947891170808,Baseline Equal Weight,1.1145673015960011
2021-04-12,-0.00037056396292800553,Baseline Equal Weight,1.1141542831197717
2021-04-13,0.0018030353949631817,Baseline Equal Weight,1.1161631427276866
2021-04-14,0.0029439118121921126,Baseline Equal Weight,1.1194490285878962
2021-04-15,0.009653589624722736,Baseline Equal Weight,1.1302557301156781
2021-04-16,0.0028845720106958073,Baseline Equal Weight,1.1335160341596984
2021-04-19,-0.003685581075592137,Baseline Equal Weight,1.1293383689153191
2021-04-20,-0.008392591578321285,Baseline Equal Weight,1.1198602932312853
2021-04-21,0.010332327422379883,Baseline Equal Weight,1.1314310564482732
2021-04-22,-0.00956673855724155,Baseline Equal Weight,1.120606951335689
2021-04-23,0.008828568661872316,Baseline Equal Weight,1.1305003067485278
2021-04-26,0.0008393950486169643,Baseline Equal Weight,1.1314492431084724
2021-04-27,0.0009805905140329862,Baseline Equal Weight,1.1325587315033743
2021-04-28,0.0003766613471845037,Baseline Equal Weight,1.1329853226009479
2021-04-29,0.00901373365654723,Baseline Equal Weight,1.14319775053565
2021-04-30,-0.006816810626382175,Baseline Equal Weight,1.1354047879617424
2021-05-03,0.007437644948144584,Baseline Equal Weight,1.1438495256470251
2021-05-04,-0.0022056292417205192,Baseline Equal Weight,1.14132661768513
2021-05-05,0.006270642447277597,Baseline Equal Weight,1.1484834688201941
2021-05-06,0.008144083604476826,Baseline Equal Weight,1.1578368142086253
2021-05-07,0.00975833959958683,Baseline Equal Weight,1.1691353790425767
2021-05-10,-0.004168155866620227,Baseline Equal Weight,1.1642622405535472
2021-05-11,-0.009370387932132962,Baseline Equal Weight,1.1533526517048263
2021-05-12,-0.015790454297264445,Baseline Equal Weight,1.1351406893694524
2021-05-13,0.008609864371066367,Baseline Equal Weight,1.1449140967470022
2021-05-14,0.013974679855317529,Baseline Equal Weight,1.1609139047108816
2021-05-17,0.0037475776134467953,Baseline Equal Weight,1.1652645196713152
2021-05-18,-0.009097171754679056,Baseline Equal Weight,1.1546639081962315
2021-05-19,-0.005935456398289962,Baseline Equal Weight,1.1478104509144538
2021-05-20,0.008183759709367022,Baseline Equal Weight,1.157203855836638
2021-05-21,0.002359981859232585,Baseline Equal Weight,1.1599348359438464
2021-05-24,0.006086452534568965,Baseline Equal Weight,1.1669947242660117
2021-05-25,-0.005869998182363001,Baseline Equal Weight,1.160144467355743
2021-05-26,0.003776031442801253,Baseline Equal Weight,1.1645252093426703
2021-05-27,0.0024923296656811367,Baseline Equal Weight,1.1674275900683486
2021-05-28,0.002876537334263185,Baseline Equal Weight,1.170785739116229
2021-06-01,0.006155867931106229,Baseline Equal Weight,1.177992941501851
2021-06-02,0.0039698313519103134,Baseline Equal Weight,1.182669374813354
2021-06-03,0.0015788199979829276,Baseline Equal Weight,1.1845365968733115
2021-06-04,0.006554730938169273,Baseline Equal Weight,1.1923009155522306
2021-06-07,-0.0019914564046026317,Baseline Equal Weight,1.1899265002577406
2021-06-08,-0.0025166232777745767,Baseline Equal Weight,1.1869319035283512
2021-06-09,-0.002710716221769327,Baseline Equal Weight,1.1837144679633214
2021-06-10,0.0035647167785777256,Baseline Equal Weight,1.1879340747883154
2021-06-11,-0.00023352756822947462,Baseline Equal Weight,1.1876566594326132
2021-06-14,-0.0014199066300113472,Baseline Equal Weight,1.1859702978677078
2021-06-15,-0.0014729108142079728,Baseline Equal Weight,1.184223469390649
2021-06-16,-0.007743520783867086,Baseline Equal Weight,1.1750534103426793
2021-06-17,-0.008576267296364737,Baseline Equal Weight,1.1649758382080755
2021-06-18,-0.014980241444400577,Baseline Equal Weight,1.1475242188748256
2021-06-21,0.016787140140127832,Baseline Equal Weight,1.166787868751268
2021-06-22,0.0015589372176139094,Baseline Equal Weight,1.168606817784925
2021-06-23,-0.0032648221050918247,Baseline Equal Weight,1.1647915244140596
2021-06-24,0.008053981339961824,Baseline Equal Weight,1.174172733616636
2021-06-25,0.007776346214146024,Baseline Equal Weight,1.1833035073084492
2021-06-28,-0.001928868802926309,Baseline Equal Weight,1.1810210700888086
2021-06-29,-0.0002875452130888245,Baseline Equal Weight,1.1806814731335475
2021-06-30,0.004219853898124182,Baseline Equal Weight,1.1856637764503932
2021-07-01,0.006588444236266255,Baseline Equal Weight,1.1934754561244976
2021-07-02,0.003758998415125614,Baseline Equal Weight,1.1979617284725608
2021-07-06,-0.00870513281846741,Baseline Equal Weight,1.1875333125147662
2021-07-07,0.00014737988524848866,Baseline Equal Weight,1.1877083310380934
2021-07-08,-0.006891177591097808,Baseline Equal Weight,1.1795236220024834
2021-07-09,0.011886116594822305,Baseline Equal Weight,1.193543577299952
2021-07-12,0.004306081787774918,Baseline Equal Weight,1.1986830735610792
2021-07-13,-0.004758785672821841,Baseline Equal Weight,1.1929787977243627
2021-07-14,-0.0011872127717579284,Baseline Equal Weight,1.191562478059268
2021-07-15,-0.0010231912264078158,Baseline Equal Weight,1.190343281786001
2021-07-16,-0.009047969358912278,Baseline Equal Weight,1.179573092245814
2021-07-19,-0.016982069693496804,Baseline Equal Weight,1.1595414997847222
2021-07-20,0.010953521504579289,Baseline Equal Weight,1.1722425625380664
2021-07-21,0.009476477867411237,Baseline Equal Weight,1.1833512932371957
2021-07-22,-0.0011833126287486007,Baseline Equal Weight,1.181951018707662
2021-07-23,0.005392072652478763,Baseline Equal Weight,1.188324184472205
2021-07-26,0.005263367379403361,Baseline Equal Weight,1.1945787712209122
2021-07-27,-0.0018026140060780627,Baseline Equal Weight,1.1924254067965459
2021-07-28,0.0020081527876716354,Baseline Equal Weight,1.1948199792012948
2021-07-29,0.006309618739833489,Baseline Equal Weight,1.2023588377327907
2021-07-30,-0.0052389427431341895,Baseline Equal Weight,1.1960597486252074
2021-08-02,-0.0025946151195928024,Baseline Equal Weight,1.192956433917488
2021-08-03,0.006543052640969771,Baseline Equal Weight,1.2007620106629937
2021-08-04,-0.007947856433161204,Baseline Equal Weight,1.1912185265918502
2021-08-05,0.004729711210361476,Baseline Equal Weight,1.196852646211062
2021-08-06,0.003348906599815793,Baseline Equal Weight,1.2008607939369653
2021-08-09,-0.0025267697335255024,Baseline Equal Weight,1.197826495228668
2021-08-10,0.00635821660688296,Baseline Equal Weight,1.2054425355427953
2021-08-11,0.00872425838958546,Baseline Equal Weight,1.2159591276966677
2021-08-12,0.001886757882330281,Baseline Equal Weight,1.2182533481654407
2021-08-13,0.001001383061649097,Baseline Equal Weight,1.2194732864330908
2021-08-16,-0.0014171066135070243,Baseline Equal Weight,1.2177451627738913
2021-08-17,-0.005470573643860055,Baseline Equal Weight,1.2110833981814824
2021-08-18,-0.01267520025987745,Baseline Equal Weight,1.195732673578119
2021-08-19,-0.0044732808045074846,Baseline Equal Weight,1.1903838255620796
2021-08-20,0.005484191515797487,Baseline Equal Weight,1.1969121184387697
2021-08-23,0.009680123750782865,Baseline Equal Weight,1.2084983758640686
2021-08-24,0.0020043639405782354,Baseline Equal Weight,1.210920646430898
2021-08-25,0.00034303500431409617,Baseline Equal Weight,1.2113360346000703
2021-08-26,-0.006980986363108621,Baseline Equal Weight,1.2028797142613852
2021-08-27,0.011113697746323092,Baseline Equal Weight,1.2162481558308698
2021-08-30,-0.0008508688526371877,Baseline Equal Weight,1.2152132881579958
2021-08-31,-0.0005868884250816997,Baseline Equal Weight,1.2145000935451704
2021-09-01,-0.0020525501983182926,Baseline Equal Weight,1.2120072711373067
2021-09-02,0.006855141706755941,Baseline Equal Weight,1.2203157527305715
2021-09-03,-0.003485409597924982,Baseline Equal Weight,1.2160624524935053
2021-09-07,-0.010039107318297158,Baseline Equal Weight,1.2038542710271714
2021-09-08,-0.0019642550834438888,Baseline Equal Weight,1.2014895941555805
2021-09-09,-0.006293044893125543,Baseline Equal Weight,1.1939285662009362
2021-09-10,-0.0037485253314307743,Baseline Equal Weight,1.1894530947266133
2021-09-13,0.005462647442534108,Baseline Equal Weight,1.1959506576325358
2021-09-14,-0.009581884755735848,Baseline Equal Weight,1.1844911962575544
2021-09-15,0.008668950899265226,Baseline Equal Weight,1.194759492278523
2021-09-16,-0.004967130913694273,Baseline Equal Weight,1.1888249654699967
2021-09-17,-0.011456549406665628,Baseline Equal Weight,1.1752051335172122
2021-09-20,-0.017153708495714293,Baseline Equal Weight,1.155046007234191
2021-09-21,-0.0019734950395553508,Baseline Equal Weight,1.1527665296684562
2021-09-22,0.009012739936000491,Baseline Equal Weight,1.1631561146072837
2021-09-23,0.011529630846185412,Baseline Equal Weight,1.176566875225189
2021-09-24,-0.0022472027935134253,Baseline Equal Weight,1.1739228908564276
2021-09-27,0.0036372158958626333,Baseline Equal Weight,1.1781927018555676
2021-09-28,-0.010949737630045586,Baseline Equal Weight,1.1652918008926145
2021-09-29,0.003843832388938706,Baseline Equal Weight,1.1697709872594502
2021-09-30,-0.010301100036886446,Baseline Equal Weight,1.1577210592994431
2021-10-01,0.012342170182835899,Baseline Equal Weight,1.17200984963757
2021-10-04,-0.002674270352646335,Baseline Equal Weight,1.1688755784436746
2021-10-05,0.005617750743428296,Baseline Equal Weight,1.1754420300934518
2021-10-06,0.000971710735553355,Baseline Equal Weight,1.1765842197331142
2021-10-07,0.008006648558154916,Baseline Equal Weight,1.1860047160795881
2021-10-08,-0.0007260894772498361,Baseline Equal Weight,1.185143570535274
2021-10-11,-0.008942032694964075,Baseline Equal Weight,1.174545977979321
2021-10-12,-0.0007150394873136623,Baseline Equal Weight,1.1737061312254005
2021-10-13,0.0031994455630917074,Baseline Equal Weight,1.177461340099323
2021-10-14,0.012679958244172562,Baseline Equal Weight,1.1923915007259098
2021-10-15,0.00476513757080288,Baseline Equal Weight,1.198073410265125
2021-10-18,0.000546258768014285,Baseline Equal Weight,1.198727868370207
2021-10-19,0.009579661003800588,Baseline Equal Weight,1.210211274985002
2021-10-20,0.008764338742139888,Baseline Equal Weight,1.2208179765485276
2021-10-21,0.0008889860912493219,Baseline Equal Weight,1.2219032667496263
2021-10-22,0.0013105339249410708,Baseline Equal Weight,1.2235046124336981
2021-10-25,0.006379935888902066,Baseline Equal Weight,1.231310493420801
2021-10-26,0.005304058631400821,Baseline Equal Weight,1.237841436471364
2021-10-27,-0.016192859751055444,Baseline Equal Weight,1.217797243696538
2021-10-28,0.008344650983747925,Baseline Equal Weight,1.227959336664156
2021-10-29,-0.0028256392887497928,Baseline Equal Weight,1.2244895665174906
2021-11-01,0.007461175731891201,Baseline Equal Weight,1.233625698355145
2021-11-02,0.004582309794136208,Baseline Equal Weight,1.239278553475016
2021-11-03,0.0050547059236500935,Baseline Equal Weight,1.2455427421203187
2021-11-04,0.004676926318802677,Baseline Equal Weight,1.2513680537521348
2021-11-05,0.004364928390093281,Baseline Equal Weight,1.2568301856964132
2021-11-08,0.003949575710675113,Baseline Equal Weight,1.2617941316702832
2021-11-09,-0.0007566975682509192,Baseline Equal Weight,1.260839335119215
2021-11-10,-0.007784110102287745,Baseline Equal Weight,1.2510248229133518
2021-11-11,0.0013167922155203904,Baseline Equal Weight,1.2526721626615869
2021-11-12,0.002194501291658657,Baseline Equal Weight,1.2554211533405726
2021-11-15,-0.0008587087364836377,Baseline Equal Weight,1.2543431122282327
2021-11-16,0.0004126820179466417,Baseline Equal Weight,1.2548607570749846
2021-11-17,-0.006225458161504549,Baseline Equal Weight,1.2470486739333004
2021-11-18,-0.0008484705773920131,Baseline Equal Weight,1.2459905898248922
2021-11-19,-0.007689636759913743,Baseline Equal Weight,1.2364093747828682
2021-11-22,0.001416276663413596,Baseline Equal Weight,1.238160472526799
2021-11-23,0.007062857814890577,Baseline Equal Weight,1.2469054238962736
2021-11-24,0.0018731504042177605,Baseline Equal Weight,1.2492410652950663
2021-11-26,-0.022029778329367478,Baseline Equal Weight,1.221720561546673
2021-11-29,0.008083930148740537,Baseline Equal Weight,1.2315968652274965
2021-11-30,-0.02277151859552018,Baseline Equal Weight,1.2035515343087841
2021-12-01,-0.013137975243081357,Baseline Equal Weight,1.1877393040472628
2021-12-02,0.021465293991124845,Baseline Equal Weight,1.2132344773934514
2021-12-03,-0.0009007541368664107,Baseline Equal Weight,1.2121416514189503
2021-12-06,0.013700797601592596,Baseline Equal Weight,1.2287489588495015
2021-12-07,0.014639166742671073,Baseline Equal Weight,1.246736819742983
2021-12-08,-0.0006247389621425459,Baseline Equal Weight,1.2459579346761518
2021-12-09,-0.006624504675048604,Baseline Equal Weight,1.2377040805129758
2021-12-10,0.005411903505497362,Baseline Equal Weight,1.2444024155650724
2021-12-13,-0.0058063146761827555,Baseline Equal Weight,1.2371770235564996
2021-12-14,-0.002003123954527397,Baseline Equal Weight,1.2346988046246228
2021-12-15,0.008172930634757547,Baseline Equal Weight,1.244789912309638
2021-12-16,0.005188184467772361,Baseline Equal Weight,1.2512481119983225
2021-12-17,-0.012404277764205607,Baseline Equal Weight,1.2357272828651575
2021-12-20,-0.00793526818999779,Baseline Equal Weight,1.2259214554659252
2021-12-21,0.013635049801826504,Baseline Equal Weight,1.2426369555643308
2021-12-22,0.005938664845482666,Baseline Equal Weight,1.2500165599680384
2021-12-23,0.004855126687119071,Baseline Equal Weight,1.25608554872768
2021-12-27,0.012365691105961973,Baseline Equal Weight,1.2716179146259092
2021-12-28,0.001893442554953273,Baseline Equal Weight,1.274025650099103
2021-12-29,0.0005390121441708473,Baseline Equal Weight,1.2747123653964916
2021-12-30,-0.001374931812846869,Baseline Equal Weight,1.2729597228130787
2021-12-31,-0.001025881554362007,Baseline Equal Weight,1.271653816913999
2022-01-03,0.00789353258049652,Baseline Equal Weight,1.2816916577489224
2022-01-04,0.008557829538885953,Baseline Equal Weight,1.2926601564773499
2022-01-05,-0.009713803910778696,Baseline Equal Weight,1.2801035091940525
2022-01-06,0.0007960560820972074,Baseline Equal Weight,1.2811225433782605
2022-01-07,0.001871645878891881,Baseline Equal Weight,1.28352035110693
2022-01-10,-0.006256184023373468,Baseline Equal Weight,1.2754904115926602
2022-01-11,0.010438560625179338,Baseline Equal Weight,1.2888046955809052
2022-01-12,0.00254078521860146,Baseline Equal Weight,1.2920792715011014
2022-01-13,-0.004715426210225471,Baseline Equal Weight,1.285986567038576
2022-01-14,0.0027788486177522387,Baseline Equal Weight,1.2895601290328391
2022-01-18,-0.010422173561390857,Baseline Equal Weight,1.2761201095502093
2022-01-19,-0.007240158511388373,Baseline Equal Weight,1.2668807976774954
2022-01-20,-0.011773923035989231,Baseline Equal Weight,1.251964640669868
2022-01-21,-0.013229841117012864,Baseline Equal Weight,1.2354013473896874
2022-01-24,0.0018782640805252715,Baseline Equal Weight,1.237721757365522
2022-01-25,-0.001688983346031736,Baseline Equal Weight,1.2356312659303104
2022-01-26,-0.008535256110923206,Baseline Equal Weight,1.225084836616931
2022-01-27,-0.0026532131598200337,Baseline Equal Weight,1.221834425406523
2022-01-28,0.015718961857947855,Baseline Equal Weight,1.2410403941362158
2022-01-31,0.012374374204113359,Baseline Equal Weight,1.2563974923756778
2022-02-01,0.010950258432125048,Baseline Equal Weight,1.2701553696106653
2022-02-02,0.009924119531451447,Baseline Equal Weight,1.2827605433221965
2022-02-03,-0.009571662356480215,Baseline Equal Weight,1.2704823925173012
2022-02-04,-0.0008988477450475596,Baseline Equal Weight,1.2693404222836644
2022-02-07,0.0024172070796757428,Baseline Equal Weight,1.272408680938927
2022-02-08,0.00400256782854469,Baseline Equal Weight,1.277501582990014
2022-02-09,0.012656250700741056,Baseline Equal Weight,1.2936699632949291
2022-02-10,-0.0168017043707539,Baseline Equal Weight,1.2719341030183238
2022-02-11,-0.010457606014640075,Baseline Equal Weight,1.2586327172923735
2022-02-14,-0.00648418196431122,Baseline Equal Weight,1.2504715137272142
2022-02-15,0.01056296470982665,Baseline Equal Weight,1.2636802001973584
2022-02-16,-0.00036046905209274893,Baseline Equal Weight,1.2632246825934448
2022-02-17,-0.015425567951036778,Baseline Equal Weight,1.2437387244146727
2022-02-18,-0.00840198305054285,Baseline Equal Weight,1.233288852732837
2022-02-22,-0.006932345335474266,Baseline Equal Weight,1.224739268507302
2022-02-23,-0.011310469002434487,Baseline Equal Weight,1.2108868929747858
2022-02-24,0.0061130095386723315,Baseline Equal Weight,1.218289056101794
2022-02-25,0.0255902643739927,Baseline Equal Weight,1.249465395131381
2022-02-28,-0.0018767736226132925,Baseline Equal Weight,1.2471204314354303
2022-03-01,-0.012896231197349173,Baseline Equal Weight,1.231037278020701
2022-03-02,0.01967809946588117,Baseline Equal Weight,1.2552617520238
2022-03-03,-0.0006895492982771367,Baseline Equal Weight,1.2543961871635378
2022-03-04,0.0026779488280557207,Baseline Equal Weight,1.25775539596287
2022-03-07,-0.016610118084741665,Baseline Equal Weight,1.2368639303142057
2022-03-08,-0.004702170966391139,Baseline Equal Weight,1.2310479846517057
2022-03-09,0.01349012618632739,Baseline Equal Weight,1.2476549773060812
2022-03-10,-0.00021181636100930934,Baseline Equal Weight,1.247390703568993
2022-03-11,-0.007940797488223295,Baseline Equal Weight,1.2374854266032593
2022-03-14,-0.009772847058779455,Baseline Equal Weight,1.2253916707915973
2022-03-15,0.008476043351911988,Baseline Equal Weight,1.2357781437162987
2022-03-16,0.014508445572803952,Baseline Equal Weight,1.2537073636544673
2022-03-17,0.015002773123964586,Baseline Equal Weight,1.2725164507952191
2022-03-18,0.004393717604026737,Baseline Equal Weight,1.2781075287264918
2022-03-21,0.004281435419453361,Baseline Equal Weight,1.2835796635698513
2022-03-22,0.004963677342200157,Baseline Equal Weight,1.2899509388628219
2022-03-23,-0.009105424807429596,Baseline Equal Weight,1.2782053875837331
2022-03-24,0.010268831223645636,Baseline Equal Weight,1.291331062977985
2022-03-25,0.009201997449106214,Baseline Equal Weight,1.30321388812546
2022-03-28,0.00022991488118240255,Baseline Equal Weight,1.3035135163917035
2022-03-29,0.011933388043900095,Baseline Equal Weight,1.3190688490032745
2022-03-30,-0.0038288556551445696,Baseline Equal Weight,1.3140183247812434
2022-03-31,-0.014221202142033151,Baseline Equal Weight,1.2953314045661934
2022-04-01,0.006186125023240008,Baseline Equal Weight,1.303344486581369
2022-04-04,0.0022766175502173525,Baseline Equal Weight,1.3063117035134992
2022-04-05,-0.01060468100132228,Baseline Equal Weight,1.2924586846094446
2022-04-06,-0.0009029271017112483,Baseline Equal Weight,1.2912916886352686
2022-04-07,0.0016742166564929217,Baseline Equal Weight,1.2934535906887725
2022-04-08,0.0035065897723676187,Baseline Equal Weight,1.297989201820914
2022-04-11,-0.011929035170042956,Baseline Equal Weight,1.2825054429820564
2022-04-12,-0.0007004274837972835,Baseline Equal Weight,1.281607140921672
2022-04-13,0.008842244191447968,Baseline Equal Weight,1.292939424219205
2022-04-14,-0.0017895739780088293,Baseline Equal Weight,1.2906256134704805
2022-04-18,0.0007497079830465214,Baseline Equal Weight,1.2915932057960238
2022-04-19,0.011961508825629075,Baseline Equal Weight,1.3070426093262755
2022-04-20,0.001933459726181752,Baseline Equal Weight,1.3095697235718113
2022-04-21,-0.011636137130243918,Baseline Equal Weight,1.2943313906867142
2022-04-22,-0.023505755428103514,Baseline Equal Weight,1.2639071535743152
2022-04-25,-0.0030376065863532142,Baseline Equal Weight,1.2600679008800788
2022-04-26,-0.019905870575549156,Baseline Equal Weight,1.234985152328756
2022-04-27,0.000820854231364132,Baseline Equal Weight,1.235998895116717
2022-04-28,0.016911672779662323,Baseline Equal Weight,1.256901703986955
2022-04-29,-0.03491485544757722,Baseline Equal Weight,1.213017162680437
2022-05-02,0.0042827520663411,Baseline Equal Weight,1.2182122144404137
2022-05-03,0.006453169685687987,Baseline Equal Weight,1.2260735445733755
2022-05-04,0.03082614395061034,Baseline Equal Weight,1.2638686641524295
2022-05-05,-0.025330554791964333,Baseline Equal Weight,1.2318541697052696
2022-05-06,-0.003267578446472963,Baseline Equal Weight,1.2278289895711427
2022-05-09,-0.03559861271205267,Baseline Equal Weight,1.1841199808947687
2022-05-10,-0.0041786877156276825,Baseline Equal Weight,1.1791719132767744
2022-05-11,-0.0033674548594864184,Baseline Equal Weight,1.1752011050872406
2022-05-12,0.0024514477622847863,Baseline Equal Weight,1.1780820492065414
2022-05-13,0.0219870155805586,Baseline Equal Weight,1.203984557577622
2022-05-16,0.0020556778233533635,Baseline Equal Weight,1.2064595619322942
2022-05-17,0.019054264195207615,Baseline Equal Weight,1.2294477611661865
2022-05-18,-0.027667993510321787,Baseline Equal Weight,1.1954314084889608
2022-05-19,-0.0019055530466635107,Baseline Equal Weight,1.1931534505264374
2022-05-20,0.0006539648135779341,Baseline Equal Weight,1.1939337309002809
2022-05-23,0.01914483547155732,Baseline Equal Weight,1.2167913957423093
2022-05-24,0.0007774847368344773,Baseline Equal Weight,1.2177374324804104
2022-05-25,0.008803887045134129,Baseline Equal Weight,1.2284582552865997
2022-05-26,0.014748339934138821,Baseline Equal Weight,1.2465759752304655
2022-05-27,0.019151363469380067,Baseline Equal Weight,1.270449604824301
2022-05-31,-0.007963899183437095,Baseline Equal Weight,1.2603318722538428
2022-06-01,-0.005248085487194576,Baseline Equal Weight,1.2537175428460186
2022-06-02,0.014594936780382595,Baseline Equal Weight,1.2720154711243128
2022-06-03,-0.008328148069157604,Baseline Equal Weight,1.2614219379345302
2022-06-06,-0.00046420173971084555,Baseline Equal Weight,1.2608363836764316
2022-06-07,0.010267784720320083,Baseline Equal Weight,1.273782380231568
2022-06-08,-0.012810628964715631,Baseline Equal Weight,1.257464426776629
2022-06-09,-0.023577811131328508,Baseline Equal Weight,1.2278161680177255
2022-06-10,-0.02575906062703892,Baseline Equal Weight,1.1961887769068984
2022-06-13,-0.04044870293473879,Baseline Equal Weight,1.1478044924159228
2022-06-14,-0.00665639092194914,Baseline Equal Weight,1.140164257012433
2022-06-15,0.01069743912586918,Baseline Equal Weight,1.1523610947453153
2022-06-16,-0.02869153989818518,Baseline Equal Weight,1.1192980804183137
2022-06-17,-0.004024583730670606,Baseline Equal Weight,1.1147933715740912
2022-06-21,0.021254470138237336,Baseline Equal Weight,1.1384877140005176
2022-06-22,-0.0030035890507518204,Baseline Equal Weight,1.1350681647683303
2022-06-23,0.0032783643601157486,Baseline Equal Weight,1.1387893317860087
2022-06-24,0.028106950730770297,Baseline Equal Weight,1.170797227427245
2022-06-27,-0.003446745739265955,Baseline Equal Weight,1.1667617870720657
2022-06-28,-0.009935317070791871,Baseline Equal Weight,1.155169638771421
2022-06-29,-0.004598591051314438,Baseline Equal Weight,1.1498574860078166
2022-06-30,-0.007309195796401102,Baseline Equal Weight,1.141452952504628
2022-07-01,0.010735052336339646,Baseline Equal Weight,1.1537065096892345
2022-07-05,-0.006393931952812348,Baseline Equal Weight,1.1463297887727648
2022-07-06,-0.00011955787474482449,Baseline Equal Weight,1.1461927360194624
2022-07-07,0.013848664698403512,Baseline Equal Weight,1.1620659749003417
2022-07-08,-0.0033434671235590407,Baseline Equal Weight,1.1581806455178558
2022-07-11,-0.007641223965006105,Baseline Equal Weight,1.1493307278135185
2022-07-12,-0.0038192309673965585,Baseline Equal Weight,1.1449411683060726
2022-07-13,-0.0036969149960811576,Baseline Equal Weight,1.1407084181313312
2022-07-14,-0.003920715004093411,Baseline Equal Weight,1.136236025521068
2022-07-15,0.018459270637578573,Baseline Equal Weight,1.157210113824328
2022-07-18,-0.003414728601693784,Baseline Equal Weight,1.1532585553504828
2022-07-19,0.027573424580895844,Baseline Equal Weight,1.1850578431487122
2022-07-20,0.0031987432037574592,Baseline Equal Weight,1.1888485388705436
2022-07-21,0.005901582894834556,Baseline Equal Weight,1.1958646270720912
2022-07-22,-0.005628580633262215,Baseline Equal Weight,1.1891336065921498
2022-07-25,0.0036754215273169244,Baseline Equal Weight,1.1935041738486747
2022-07-26,-0.00543345543664242,Baseline Equal Weight,1.1870193221066212
2022-07-27,0.011784392418515699,Baseline Equal Weight,1.201007623606686
2022-07-28,0.01018192936629303,Baseline Equal Weight,1.2132361983986286
2022-07-29,0.010052623439693154,Baseline Equal Weight,1.2254324050445349
2022-08-01,-0.0016167632894356077,Baseline Equal Weight,1.2234511709183742
2022-08-02,-0.009766373595193611,Baseline Equal Weight,1.2115024897077082
2022-08-03,0.006390642598552487,Baseline Equal Weight,1.2192447691266868
2022-08-04,-0.0013548306398488696,Baseline Equal Weight,1.2175928989559985
2022-08-05,0.0012453867441641897,Baseline Equal Weight,1.2191092730121469
2022-08-08,-0.00029958714842448497,Baseline Equal Weight,1.2187440435414274
2022-08-09,-0.0009765693351910798,Baseline Equal Weight,1.217553855481058
2022-08-10,0.016693861603007898,Baseline Equal Weight,1.2378795310386677
2022-08-11,0.005780713311737129,Baseline Equal Weight,1.2450353577220699
2022-08-12,0.01490516596935576,Baseline Equal Weight,1.2635928163666335
2022-08-15,0.004392583915316717,Baseline Equal Weight,1.2691432538473153
2022-08-16,0.002814570829788643,Baseline Equal Weight,1.272715347428417
2022-08-17,-0.008260710163364382,Baseline Equal Weight,1.262201814822845
2022-08-18,0.0038137458014910752,Baseline Equal Weight,1.2670155316947602
2022-08-19,-0.00898165469584744,Baseline Equal Weight,1.2556356356948024
2022-08-22,-0.019356738467270374,Baseline Equal Weight,1.2313306250844733
2022-08-23,0.0019486535738075794,Baseline Equal Weight,1.2337300619075828
2022-08-24,0.0024583820091133024,Baseline Equal Weight,1.2367630416958786
2022-08-25,0.013695141798581112,Baseline Equal Weight,1.2537006869231482
2022-08-26,-0.02757729967890321,Baseline Equal Weight,1.2191270073722218
2022-08-29,-0.003492848181660735,Baseline Equal Weight,1.2148687818213082
2022-08-30,-0.01364533364119147,Baseline Equal Weight,1.1982914919630887
2022-08-31,-0.007278695249996026,Baseline Equal Weight,1.1895694933724263
2022-09-01,-0.0006877551969646234,Baseline Equal Weight,1.1887513607712088
2022-09-02,-0.009613545886803188,Baseline Equal Weight,1.177323245016435
2022-09-06,-0.003900518299277733,Baseline Equal Weight,1.1727310741550834
2022-09-07,0.015960464864984036,Baseline Equal Weight,1.1914484072602105
2022-09-08,0.006018702471834114,Baseline Equal Weight,1.1986193807340504
2022-09-09,0.014423439717681896,Baseline Equal Weight,1.2159075951165133
2022-09-12,0.008437920739044369,Baseline Equal Weight,1.2261673270301083
2022-09-13,-0.03985345235372484,Baseline Equal Weight,1.1773003258846197
2022-09-14,0.0031036886697661803,Baseline Equal Weight,1.18095429956698
2022-09-15,-0.01614596361645937,Baseline Equal Weight,1.1618866544134703
2022-09-16,-0.007292396556558112,Baseline Equal Weight,1.1534137161757148
2022-09-19,0.006265016710814697,Baseline Equal Weight,1.1606398723820386
2022-09-20,-0.015603711753318317,Baseline Equal Weight,1.1425295823639812
2022-09-21,-0.016928039373087178,Baseline Equal Weight,1.1231887966088068
2022-09-22,-0.009024928838551771,Baseline Equal Weight,1.1130520976471536
2022-09-23,-0.022376044828069652,Baseline Equal Weight,1.088146394014224
2022-09-26,-0.01582735000929847,Baseline Equal Weight,1.0709239201748049
2022-09-27,-0.003967652429991864,Baseline Equal Weight,1.066674866280587
2022-09-28,0.021236718193987203,Baseline Equal Weight,1.0893275398203968
2022-09-29,-0.01949945036138323,Baseline Equal Weight,1.0680862515303813
2022-09-30,-0.015090940263487784,Baseline Equal Weight,1.0519678257122838
2022-10-03,0.0321847780436475,Baseline Equal Weight,1.085825176691892
2022-10-04,0.02971671377250873,Baseline Equal Weight,1.1180923326746288
2022-10-05,-0.0030804331107272542,Baseline Equal Weight,1.1146481240322077
2022-10-06,-0.010930192552808027,Baseline Equal Weight,1.1024648054079094
2022-10-07,-0.023419937888679132,Baseline Equal Weight,1.0766451481408015
2022-10-10,-0.005956076655687759,Baseline Equal Weight,1.0702325671075006
2022-10-11,-0.0034076338240853765,Baseline Equal Weight,1.0665856064121872
2022-10-12,-0.005256500287898258,Baseline Equal Weight,1.0609790988650134
2022-10-13,0.029823824173669022,Baseline Equal Weight,1.0926215529615013
2022-10-14,-0.018462524981440076,Baseline Equal Weight,1.0724490002446898
2022-10-17,0.01957994225118176,Baseline Equal Weight,1.0934474897368185
2022-10-18,0.011810061568663377,Baseline Equal Weight,1.1063611719127107
2022-10-19,-0.007276178074036244,Baseline Equal Weight,1.0983110910116745
2022-10-20,-0.0037545364491887723,Baseline Equal Weight,1.094187441987923
2022-10-21,0.024666311338928493,Baseline Equal Weight,1.1211770100951428
2022-10-24,0.008306729831362603,Baseline Equal Weight,1.130490324611138
2022-10-25,0.01601630137691723,Baseline Equal Weight,1.148596598353799
2022-10-26,0.004910484672555837,Baseline Equal Weight,1.154236764344965
2022-10-27,6.75047533569284e-05,Baseline Equal Weight,1.1543146808130575
2022-10-28,0.023408456192025362,Baseline Equal Weight,1.1813354054506817
2022-10-31,-0.007439346393211088,Baseline Equal Weight,1.1725470421629696
2022-11-01,0.0023824155053553397,Baseline Equal Weight,1.175340536416977
2022-11-02,-0.017121372626882403,Baseline Equal Weight,1.1552170931295023
2022-11-03,-0.002230025980833661,Baseline Equal Weight,1.1526409289983204
2022-11-04,0.01855413907369896,Baseline Equal Weight,1.1740271890969929
2022-11-07,0.00764269189898914,Baseline Equal Weight,1.1829999171842975
2022-11-08,0.007187529304418128,Baseline Equal Weight,1.191502763756184
2022-11-09,-0.02137285293368041,Baseline Equal Weight,1.1660369504163492
2022-11-10,0.049287615387319184,Baseline Equal Weight,1.2235081311558729
2022-11-11,0.011639787227017973,Baseline Equal Weight,1.2377495054730536
2022-11-14,-0.00859083016441986,Baseline Equal Weight,1.22711620968544
2022-11-15,0.009769950151148343,Baseline Equal Weight,1.2391050738837328
2022-11-16,-0.010977110238784449,Baseline Equal Weight,1.225503280890274
2022-11-17,-0.0021553294150206126,Baseline Equal Weight,1.222861917620767
2022-11-18,0.0048754895482943095,Baseline Equal Weight,1.2288239681191342
2022-11-21,0.0005924241313306489,Baseline Equal Weight,1.2295519530910055
2022-11-22,0.014796078622160147,Baseline Equal Weight,1.2477445004589707
2022-11-23,0.0034329759469911014,Baseline Equal Weight,1.2520279773170369
2022-11-25,0.0006559898607798598,Baseline Equal Weight,1.2528492949755696
2022-11-28,-0.018427636679132275,Baseline Equal Weight,1.2297622433540527
2022-11-29,0.004221745751968431,Baseline Equal Weight,1.2349539868808639
2022-11-30,0.023922814871861542,Baseline Equal Weight,1.264497562484282
2022-12-01,-0.0002670937734515766,Baseline Equal Weight,1.2641598230587978
2022-12-02,0.0015183411558821192,Baseline Equal Weight,1.2660792489457606
2022-12-05,-0.01718499461312961,Baseline Equal Weight,1.2443216838728326
2022-12-06,-0.01227412680773099,Baseline Equal Weight,1.229048721735368
2022-12-07,-0.0011437305864305802,Baseline Equal Weight,1.227643021120106
2022-12-08,0.00705220687866337,Baseline Equal Weight,1.2363006136781922
2022-12-09,-0.010254785330438998,Baseline Equal Weight,1.2236226162810324
2022-12-12,0.016563221778664428,Baseline Equal Weight,1.2438897490478849
2022-12-13,0.00876121592217416,Baseline Equal Weight,1.2547877357226724
2022-12-14,-0.008771137905100646,Baseline Equal Weight,1.24378181945102
2022-12-15,-0.021577165257177233,Baseline Equal Weight,1.2169445335888527
2022-12-16,-0.009633909748084868,Baseline Equal Weight,1.2052205997838323
2022-12-19,-0.006678064825197505,Baseline Equal Weight,1.1971720584898125
2022-12-20,0.003175297678679634,Baseline Equal Weight,1.2009734361481152
2022-12-21,0.0178002930878145,Baseline Equal Weight,1.2223511153022313
2022-12-22,-0.011463115036561833,Baseline Equal Weight,1.208339163852452
2022-12-23,0.00771945317840772,Baseline Equal Weight,1.2176668814514475
2022-12-27,0.000602190548185666,Baseline Equal Weight,1.2184001489382963
2022-12-28,-0.012830416580133064,Baseline Equal Weight,1.2027675674661218
2022-12-29,0.013300522362961642,Baseline Equal Weight,1.2187650043946499
2022-12-30,-0.0019565841486649527,Baseline Equal Weight,1.2163803881061037
2023-01-03,0.002250905749167087,Baseline Equal Weight,1.2191183457148658
2023-01-04,0.018545082880457864,Baseline Equal Weight,1.2417269964772346
2023-01-05,-0.006906765570471207,Baseline Equal Weight,1.233150679210041
2023-01-06,0.02327610543848846,Baseline Equal Weight,1.2618536244408776
2023-01-09,3.042150860732562e-05,Baseline Equal Weight,1.2618920119317747
2023-01-10,0.007782121706705114,Baseline Equal Weight,1.2717122091493467
2023-01-11,0.009909457816524858,Baseline Equal Weight,1.2843141876406718
2023-01-12,0.007304297406839355,Baseline Equal Weight,1.2936952004310227
2023-01-13,0.003480063676094325,Baseline Equal Weight,1.2981973421059803
2023-01-17,-0.004112632766882007,Baseline Equal Weight,1.292858333178956
2023-01-18,-0.015895227437531467,Baseline Equal Weight,1.2723080559285687
2023-01-19,-0.007776372081614413,Baseline Equal Weight,1.2624141150832326
2023-01-20,0.015597697476367856,Baseline Equal Weight,1.2821048685401975
2023-01-23,0.011988523736075507,Baseline Equal Weight,1.2974754131888295
2023-01-24,-0.0029241967203045283,Baseline Equal Weight,1.293681339840907
2023-01-25,0.0021112797690974183,Baseline Equal Weight,1.296412663081372
2023-01-26,0.008731238443590472,Baseline Equal Weight,1.3077319511640255
2023-01-27,-0.0011044634544705723,Baseline Equal Weight,1.3062876090157214
2023-01-30,-0.01070632997827381,Baseline Equal Weight,1.2923020628270687
2023-01-31,0.011942488332101098,Baseline Equal Weight,1.3077353651339312
2023-02-01,0.006518284067217328,Baseline Equal Weight,1.3162595557286203
2023-02-02,0.0004622065711983314,Baseline Equal Weight,1.3168679395446807
2023-02-03,-0.012949497310196012,Baseline Equal Weight,1.2998151617036635
2023-02-06,-0.004753319540309442,Baseline Equal Weight,1.293636724896747
2023-02-07,0.010736627026255663,Baseline Equal Weight,1.3075260199194303
2023-02-08,-0.009588321735835903,Baseline Equal Weight,1.2949890397624657
2023-02-09,-0.009693282094659694,Baseline Equal Weight,1.2824363456905556
2023-02-10,0.0071816247156160085,Baseline Equal Weight,1.2916463222469712
2023-02-13,0.008827761579968785,Baseline Equal Weight,1.303048668025411
2023-02-14,-0.00036123019213141205,Baseline Equal Weight,1.3025779675047036
2023-02-15,0.00017669496084415925,Baseline Equal Weight,1.3028081264676683
2023-02-16,-0.01419534862254579,Baseline Equal Weight,1.284314310924174
2023-02-17,-0.002889096218057552,Baseline Equal Weight,1.2806038033056857
2023-02-21,-0.01768277880316882,Baseline Equal Weight,1.2579591695173344
2023-02-22,-0.005435369587085681,Baseline Equal Weight,1.2511216965055443
2023-02-23,0.005760612896976269,Baseline Equal Weight,1.2583289242861209
2023-02-24,-0.009383516029478844,Baseline Equal Weight,1.2465213746547252
2023-02-27,0.0018285851470658532,Baseline Equal Weight,1.2488007451259189
2023-02-28,-0.004411038409913748,Baseline Equal Weight,1.2432922370728396
2023-03-01,-0.00105803199373955,Baseline Equal Weight,1.2419767941084485
2023-03-02,0.01193595239608558,Baseline Equal Weight,1.25680096999997
2023-03-03,0.013022516039795873,Baseline Equal Weight,1.2731676807906256
2023-03-06,-0.0018683339450616954,Baseline Equal Weight,1.270788978394849
2023-03-07,-0.01710228760868482,Baseline Equal Weight,1.2490555797963936
2023-03-08,0.003192957178142608,Baseline Equal Weight,1.2530437607758036
2023-03-09,-0.017185438962848743,Baseline Equal Weight,1.2315096537072125
2023-03-10,-0.01303008459730981,Baseline Equal Weight,1.215462978737004
2023-03-13,-0.0031597945663549565,Baseline Equal Weight,1.211622365421185
2023-03-14,0.01456325579002793,Baseline Equal Weight,1.2292675318497324
2023-03-15,-0.008860534960167032,Baseline Equal Weight,1.2183755639083795
2023-03-16,0.01448619587069433,Baseline Equal Weight,1.2360251909712239
2023-03-17,-0.011278523801250051,Baseline Equal Weight,1.2220846514359103
2023-03-20,0.010574870312221929,Baseline Equal Weight,1.235008038135402
2023-03-21,0.0071129547685420125,Baseline Equal Weight,1.243792594449445
2023-03-22,-0.019482661723618122,Baseline Equal Weight,1.2195602040774451
2023-03-23,0.002455563142280237,Baseline Equal Weight,1.2225549111643694
2023-03-24,0.007734433012731579,Baseline Equal Weight,1.2320106802291562
2023-03-27,0.0036365621656742064,Baseline Equal Weight,1.236490963656584
2023-03-28,0.0013440088022347307,Baseline Equal Weight,1.238152818395622
2023-03-29,0.01559251924128402,Baseline Equal Weight,1.2574587400401058
2023-03-30,0.005176542784378624,Baseline Equal Weight,1.2639680290075144
2023-03-31,0.01231276124248315,Baseline Equal Weight,1.279530965566816
2023-04-03,0.006940014431519259,Baseline Equal Weight,1.2884109289334253
2023-04-04,-0.005147652373407197,Baseline Equal Weight,1.2817786373571773
2023-04-05,0.0038237072154279073,Baseline Equal Weight,1.2866797835814214
2023-04-06,-0.0002289906038065448,Baseline Equal Weight,1.2863851460008735
2023-04-10,0.0033055286734229306,Baseline Equal Weight,1.2906373289860447
2023-04-11,0.002535486171574064,Baseline Equal Weight,1.2939097220862061
2023-04-12,-0.002117335100691564,Baseline Equal Weight,1.2911700816145069
2023-04-13,0.00699245183133157,Baseline Equal Weight,1.3001985262162528
2023-04-14,-0.0057970868516966645,Baseline Equal Weight,1.2926611624353292
2023-04-17,0.004862982713123909,Baseline Equal Weight,1.298947351322179
2023-04-18,0.0002871981836325421,Baseline Equal Weight,1.299320406642113
2023-04-19,0.0021720707585581867,Baseline Equal Weight,1.302142622503378
2023-04-20,-0.007077377016030284,Baseline Equal Weight,1.2929268682352792
2023-04-21,-0.0009659452215854403,Baseline Equal Weight,1.291677971705048
2023-04-24,0.0019529810196174946,Baseline Equal Weight,1.2942005942672459
2023-04-25,-0.014704495440667098,Baseline Equal Weight,1.2751700275295346
2023-04-26,-0.012827861743642255,Baseline Equal Weight,1.2588123227167491
2023-04-27,0.014347282786500326,Baseline Equal Weight,1.2768728590858978
2023-04-28,0.009198899033564967,Baseline Equal Weight,1.2886186835953284
2023-05-01,-0.0034225665792959603,Baseline Equal Weight,1.2842083003553986
2023-05-02,-0.016629829055403,Baseline Equal Weight,1.2628521358489586
2023-05-03,-0.012219442723836682,Baseline Equal Weight,1.2474207865062774
2023-05-04,-0.005387040267944232,Baseline Equal Weight,1.2407008804982975
2023-05-05,0.017180999340013603,Baseline Equal Weight,1.2620173615072932
2023-05-08,-0.0005680833791005258,Baseline Equal Weight,1.2613004304200846
2023-05-09,-0.004328358042743008,Baseline Equal Weight,1.2558410705577605
2023-05-10,-0.0016591148260532984,Baseline Equal Weight,1.2537574860184315
2023-05-11,-0.008963126949554923,Baseline Equal Weight,1.2425198985072934
2023-05-12,-0.0008871261050616974,Baseline Equal Weight,1.241417626669269
2023-05-15,0.004358360238366998,Baseline Equal Weight,1.2468281718925522
2023-05-16,-0.01569642800399218,Baseline Equal Weight,1.2272574232590916
2023-05-17,0.01207663991989305,Baseline Equal Weight,1.2420785692488074
2023-05-18,0.006180413523317663,Baseline Equal Weight,1.2497551284352157
2023-05-19,-0.0025869926868792303,Baseline Equal Weight,1.246522021057564
2023-05-22,0.0007540434259478701,Baseline Equal Weight,1.2474619527928417
2023-05-23,-0.007209408325466571,Baseline Equal Weight,1.238468490204674
2023-05-24,-0.009130113339869683,Baseline Equal Weight,1.2271611325212481
2023-05-25,0.001635527950084814,Baseline Equal Weight,1.2291681888527444
2023-05-26,0.009361540236551225,Baseline Equal Weight,1.240675096310178
2023-05-30,-0.0016030583374569973,Baseline Equal Weight,1.2386862217529628
2023-05-31,-0.005802777659736025,Baseline Equal Weight,1.231498401017952
2023-06-01,0.005148317863618246,Baseline Equal Weight,1.23783854623493
2023-06-02,0.019480527192096364,Baseline Equal Weight,1.2619522936942846
2023-06-05,-0.0060759716113074624,Baseline Equal Weight,1.254284707382974
2023-06-06,0.004443072471725262,Baseline Equal Weight,1.2598575852380531
2023-06-07,0.00838908486427381,Baseline Equal Weight,1.2704266374375142
2023-06-08,0.0037940775738001253,Baseline Equal Weight,1.2752467346517742
2023-06-09,-0.0028446315671240008,Baseline Equal Weight,1.271619127534512
2023-06-12,0.005284171612457644,Baseline Equal Weight,1.2783385812300878
2023-06-13,0.007481329417958538,Baseline Equal Weight,1.287902253263956
2023-06-14,-2.65454137715615e-06,Baseline Equal Weight,1.287898834474135
2023-06-15,0.009949952278302643,Baseline Equal Weight,1.300713366416434
2023-06-16,0.0004959624312412814,Baseline Equal Weight,1.30135847137999
2023-06-20,-0.012710568969964142,Baseline Equal Weight,1.2848174647748676
2023-06-21,-0.0033136857767979144,Baseline Equal Weight,1.2805599834160615
2023-06-22,-0.005672063010697781,Baseline Equal Weight,1.2732965665011475
2023-06-23,-0.007193413999764919,Baseline Equal Weight,1.2641372171538257
2023-06-26,0.006585998076306776,Baseline Equal Weight,1.2724628224341885
2023-06-27,0.007338063190960975,Baseline Equal Weight,1.281800235033359
2023-06-28,-0.0017552509783702597,Baseline Equal Weight,1.2795503539167414
2023-06-29,0.006317247231028222,Baseline Equal Weight,1.287633589846983
2023-06-30,0.00829611201919489,Baseline Equal Weight,1.2983159423480317
2023-07-03,0.005677130992006951,Baseline Equal Weight,1.3056866520217525
2023-07-05,-0.004251848765599475,Baseline Equal Weight,1.3001350698420941
2023-07-06,-0.012072997639929195,Baseline Equal Weight,1.2844385422123015
2023-07-07,0.000621575459024859,Baseline Equal Weight,1.2852369176887664
2023-07-10,0.004690524035945831,Baseline Equal Weight,1.2912653523430704
2023-07-11,0.01429991166904876,Baseline Equal Weight,1.3097303328228793
2023-07-12,0.008231720754254379,Baseline Equal Weight,1.320511667186054
2023-07-13,0.005697379485609222,Baseline Equal Weight,1.3280351232691874
2023-07-14,-0.0066422269518451316,Baseline Equal Weight,1.3192140125804117
2023-07-17,-0.00341328990303269,Baseline Equal Weight,1.3147111527113318
2023-07-18,0.006090662173107164,Baseline Equal Weight,1.3227186141977127
2023-07-19,0.005788033210893939,Baseline Equal Weight,1.3303745534653568
2023-07-20,0.0015562615313984285,Baseline Equal Weight,1.3324449642052663
2023-07-21,0.004182597164530177,Baseline Equal Weight,1.3380180447344436
2023-07-24,0.0054685795061115705,Baseline Equal Weight,1.3453351027926859
2023-07-25,0.0033155688417627616,Baseline Equal Weight,1.349795653941235
2023-07-26,0.0021509611149013175,Baseline Equal Weight,1.3526990119059255
2023-07-27,-0.004601791984464754,Baseline Equal Weight,1.3464741724355433
2023-07-28,0.004367127240576307,Baseline Equal Weight,1.3523543964727192
2023-07-31,0.00423355817747928,Baseline Equal Weight,1.3580796674867563
2023-08-01,-0.0036317010240046743,Baseline Equal Weight,1.3531475281676648
2023-08-02,-0.013746221050211616,Baseline Equal Weight,1.3345468631319246
2023-08-03,-0.004996328659341853,Baseline Equal Weight,1.3278790283924238
2023-08-04,-0.0022511184413219754,Baseline Equal Weight,1.324889815423765
2023-08-07,0.00818510357447555,Baseline Equal Weight,1.3357341757877763
2023-08-08,-0.003391373105570805,Baseline Equal Weight,1.331204202827818
2023-08-09,-0.0018853746524701842,Baseline Equal Weight,1.3286943841665446
2023-08-10,0.0010105465767160648,Baseline Equal Weight,1.330037091727966
2023-08-11,0.0017668655801794664,Baseline Equal Weight,1.332387088485702
2023-08-14,0.001496610094048556,Baseline Equal Weight,1.3343811524515097
2023-08-15,-0.013096050541263726,Baseline Equal Weight,1.316906029437695
2023-08-16,-0.00824115281902904,Baseline Equal Weight,1.3060532056007983
2023-08-17,-0.004686343809791271,Baseline Equal Weight,1.299932591245473
2023-08-18,0.0017492224539474854,Baseline Equal Weight,1.3022064625226977
2023-08-21,-0.0006476406998450202,Baseline Equal Weight,1.3013631006179667
2023-08-22,-0.004996775127307562,Baseline Equal Weight,1.294860481845203
2023-08-23,0.007182512046445488,Baseline Equal Weight,1.3041608328545224
2023-08-24,-0.012235983019700747,Baseline Equal Weight,1.2882031430487557
2023-08-25,0.004860190200187686,Baseline Equal Weight,1.2944640553404523
2023-08-28,0.008234120625703722,Baseline Equal Weight,1.3051228285177632
2023-08-29,0.01195825971920872,Baseline Equal Weight,1.320729826266647
2023-08-30,0.001630378381402231,Baseline Equal Weight,1.3228831156230652
2023-08-31,-0.0030476882857768395,Baseline Equal Weight,1.3188513802481288
2023-09-01,0.004049068438607861,Baseline Equal Weight,1.3241914997471058
2023-09-05,-0.00866072058290146,Baseline Equal Weight,1.3127230471695428
2023-09-06,-0.004177960672444914,Baseline Equal Weight,1.3072385419046564
2023-09-07,-0.00022315741627421115,Baseline Equal Weight,1.3069468219291909
2023-09-08,0.0026374729269920127,Baseline Equal Weight,1.3103938587890473
2023-09-11,0.0028016683013836197,Baseline Equal Weight,1.3140651477255443
2023-09-12,0.002392504547365615,Baseline Equal Weight,1.3172090545670123
2023-09-13,-0.0010406922939882879,Baseline Equal Weight,1.315838245254353
2023-09-14,0.012318705031342692,Baseline Equal Weight,1.3320476684666007
2023-09-15,-0.010396618037459726,Baseline Equal Weight,1.3181988776498648
2023-09-18,-0.00017556261923468153,Baseline Equal Weight,1.3179674512022324
2023-09-19,-0.004352956537590269,Baseline Equal Weight,1.3122303961691903
2023-09-20,-0.005174190529454892,Baseline Equal Weight,1.3054406660808688
2023-09-21,-0.018407271230023836,Baseline Equal Weight,1.2814110656656152
2023-09-22,-0.0033939441023224104,Baseline Equal Weight,1.2770620281366487
2023-09-25,0.0020707034061604457,Baseline Equal Weight,1.2797064448281894
2023-09-26,-0.012000129160699036,Baseline Equal Weight,1.2643498022024722
2023-09-27,-0.0013670892214585617,Baseline Equal Weight,1.262621323215728
2023-09-28,0.003947234722531334,Baseline Equal Weight,1.2676051859441335
2023-09-29,-0.0015647446333801884,Baseline Equal Weight,1.2656217075321825
2023-10-02,-0.014277794548844147,Baseline Equal Weight,1.2475514208154808
2023-10-03,-0.008737447189766878,Baseline Equal Weight,1.2366510061595868
2023-10-04,0.001486190419519362,Baseline Equal Weight,1.23848890503723
2023-10-05,-0.0017993164430961661,Baseline Equal Weight,1.2362604715858043
2023-10-06,0.010562235035083578,Baseline Equal Weight,1.249318145251277
2023-10-09,0.008618105599254022,Baseline Equal Weight,1.2600849009541166
2023-10-10,0.008175075293704648,Baseline Equal Weight,1.2703861898958768
2023-10-11,0.0034054305970097065,Baseline Equal Weight,1.2747124018969669
2023-10-12,-0.008177812077289182,Baseline Equal Weight,1.2642880434216637
2023-10-13,0.000853995281846931,Baseline Equal Weight,1.2653677394456413
2023-10-16,0.010054401801848245,Baseline Equal Weight,1.278090255125124
2023-10-17,0.0026853094128758137,Baseline Equal Weight,1.2815223229177164
2023-10-18,-0.014230273413928463,Baseline Equal Weight,1.2632859098765445
2023-10-19,-0.009305594370400683,Baseline Equal Weight,1.2515302836253908
2023-10-20,-0.009081863328990969,Baseline Equal Weight,1.2401640566374117
2023-10-23,-0.006638668904780709,Baseline Equal Weight,1.2319310180777863
2023-10-24,0.010672256344975484,Baseline Equal Weight,1.245078501702039
2023-10-25,-0.012202086934438916,Baseline Equal Weight,1.2298859455840696
2023-10-26,-0.0022385106114810593,Baseline Equal Weight,1.2271328328439683
2023-10-27,-0.010265573942721873,Baseline Equal Weight,1.2145356100108669
2023-10-30,0.009873107151553207,Baseline Equal Weight,1.2265268502278812
2023-10-31,0.005956443679252299,Baseline Equal Weight,1.2338325883323542
2023-11-01,0.004883111660390682,Baseline Equal Weight,1.23985753063141
2023-11-02,0.025711605747564148,Baseline Equal Weight,1.2717362586421532
2023-11-03,0.012890217249609925,Baseline Equal Weight,1.2881292153002566
2023-11-06,-0.004416477626457249,Baseline Equal Weight,1.282440221440897
2023-11-07,-0.003574772707581997,Baseline Equal Weight,1.2778557891381845
2023-11-08,-0.0010367018021814056,Baseline Equal Weight,1.276531033738657
2023-11-09,-0.008860343964443684,Baseline Equal Weight,1.2652205296984458
2023-11-10,0.010826555111601355,Baseline Equal Weight,1.2789185094915554
2023-11-13,-0.0012120591519521051,Baseline Equal Weight,1.2773683846075252
2023-11-14,0.024687450084704743,Baseline Equal Weight,1.3089033528423035
2023-11-15,0.005393781354181781,Baseline Equal Weight,1.3159632913412904
2023-11-16,0.0010921748663441644,Baseline Equal Weight,1.317400553373125
2023-11-17,0.002986404718840152,Baseline Equal Weight,1.3213348446023212
2023-11-20,0.004563278235892199,Baseline Equal Weight,1.327364463141021
2023-11-21,-0.0026567024424666297,Baseline Equal Weight,1.323838050729751
2023-11-22,0.0017565054393908763,Baseline Equal Weight,1.3261633794667302
2023-11-24,0.0024257399861027373,Baseline Equal Weight,1.329380307004408
2023-11-27,0.0005686227715853143,Baseline Equal Weight,1.3301362229190676
2023-11-28,0.001936762027054062,Baseline Equal Weight,1.3327123802464265
2023-11-29,0.004991001233244807,Baseline Equal Weight,1.339363949379797
2023-11-30,0.006265115907290619,Baseline Equal Weight,1.347755219764708
2023-12-01,0.00922592738008432,Baseline Equal Weight,1.3601895115483869
2023-12-04,-0.0017582468630450432,Baseline Equal Weight,1.3577979626065602
2023-12-05,-0.005279051190612227,Baseline Equal Weight,1.3506300776554512
2023-12-06,-0.000633409205196056,Baseline Equal Weight,1.3497745761314495
2023-12-07,0.004791250836244432,Baseline Equal Weight,1.3562416846980807
2023-12-08,0.003223287681120679,Baseline Equal Weight,1.3606132418129904
2023-12-11,0.006827058068376024,Baseline Equal Weight,1.369902227423449
2023-12-12,0.0009476746672543168,Baseline Equal Weight,1.3712004490609935
2023-12-13,0.020876391686720286,Baseline Equal Weight,1.3998261667165974
2023-12-14,0.01459577906887799,Baseline Equal Weight,1.4202577201808273
2023-12-15,-0.002987501014667826,Baseline Equal Weight,1.4160146988006972
2023-12-18,-0.0016647325267452606,Baseline Equal Weight,1.4136574130732542
2023-12-19,0.008157793757599174,Baseline Equal Weight,1.425189738693007
2023-12-20,-0.01485067759357317,Baseline Equal Weight,1.4040247053740085
2023-12-21,0.008232135847797473,Baseline Equal Weight,1.4155828274823112
2023-12-22,0.0017961345326029665,Baseline Equal Weight,1.418125404682512
2023-12-26,0.006694788903154114,Baseline Equal Weight,1.4276194549050614
2023-12-27,0.0016136326175486548,Baseline Equal Weight,1.429923108222943
2023-12-28,0.001261533468320808,Baseline Equal Weight,1.4317270040810917
2023-12-29,-0.00315017405776441,Baseline Equal Weight,1.4272168148150346
2021-01-04,-0.013558804844300743,Standard VADER Tilt,0.9864411951556993
2021-01-05,0.012322126495412616,Standard VADER Tilt,0.9985962483426938
2021-01-06,0.014024184437216536,Standard VADER Tilt,1.0126007463077644
2021-01-07,0.009767177630938848,Standard VADER Tilt,1.0224909976661736
2021-01-08,0.002532410377975225,Standard VADER Tilt,1.0250803644800495
2021-01-11,0.0002951190615653387,Standard VADER Tilt,1.025382885235244
2021-01-12,0.0037330004628428177,Standard VADER Tilt,1.0292106400204184
2021-01-13,-0.00038797921388185655,Standard VADER Tilt,1.0288113276853843
2021-01-14,0.0037732162053517753,Standard VADER Tilt,1.0326932552592563
2021-01-15,-0.012627494033539775,Standard VADER Tilt,1.0196529273399932
2021-01-19,0.007301798236626432,Standard VADER Tilt,1.0270982272868152
2021-01-20,0.0073136373334427305,Standard VADER Tilt,1.034610051227013
2021-01-21,-0.007742431576703749,Standard VADER Tilt,1.026599653696818
2021-01-22,-0.003352828282252858,Standard VADER Tilt,1.0231576413433525
2021-01-25,0.0014249484376229818,Standard VADER Tilt,1.0246155882258268
2021-01-26,-0.005622958327568103,Standard VADER Tilt,1.0188542174714563
2021-01-27,-0.026254397971000445,Standard VADER Tilt,0.9921048133715284
2021-01-28,0.010699720695824023,Standard VADER Tilt,1.0027200577755864
2021-01-29,-0.014997157077641538,Standard VADER Tilt,0.9876821075642241
2021-02-01,0.00854518176772963,Standard VADER Tilt,0.9961220307020947
2021-02-02,0.0180355685708029,Standard VADER Tilt,1.0140876578917097
2021-02-03,0.0006889611797346276,Standard VADER Tilt,1.0147863249208453
2021-02-04,0.009304052918420024,Standard VADER Tilt,1.024227950588798
2021-02-05,0.006064095856055713,Standard VADER Tilt,1.0304389670596197
2021-02-08,0.012563053364607894,Standard VADER Tilt,1.0433844267917611
2021-02-09,-0.0027062511900862334,Standard VADER Tilt,1.0405607664450385
2021-02-10,0.0013879007612906846,Standard VADER Tilt,1.0420049615249567
2021-02-11,-0.0006866772777454804,Standard VADER Tilt,1.0412894403945794
2021-02-12,0.004256815515045555,Standard VADER Tilt,1.045722017440104
2021-02-16,0.0009724157182386328,Standard VADER Tilt,1.046738893966771
2021-02-17,0.002056393891447857,Standard VADER Tilt,1.0488914014342652
2021-02-18,-0.005900502360019382,Standard VADER Tilt,1.0427024152446982
2021-02-19,0.0016377309075955024,Standard VADER Tilt,1.044410081217569
2021-02-22,0.0018083952559583393,Standard VADER Tilt,1.046298787453718
2021-02-23,0.0006144241142334119,Standard VADER Tilt,1.0469416586594227
2021-02-24,0.015273419699142688,Standard VADER Tilt,1.0629320380126446
2021-02-25,-0.019150262022037894,Standard VADER Tilt,1.0425766109730839
2021-02-26,-0.013139542558309701,Standard VADER Tilt,1.0288776312229047
2021-03-01,0.019898050837561382,Standard VADER Tilt,1.0493502906346077
2021-03-02,-0.002965517381656062,Standard VADER Tilt,1.046238424108285
2021-03-03,-0.007169717055999522,Standard VADER Tilt,1.0387371906343137
2021-03-04,-0.007886281462997675,Standard VADER Tilt,1.030545416782888
2021-03-05,0.017644904412418873,Standard VADER Tilt,1.0487292921546785
2021-03-08,0.0022103292736858956,Standard VADER Tilt,1.0510473292092999
2021-03-09,0.006148957194949333,Standard VADER Tilt,1.0575101742464736
2021-03-10,0.010217916916974327,Standard VADER Tilt,1.0683157253457791
2021-03-11,0.005071132826879194,Standard VADER Tilt,1.0737332962900512
2021-03-12,0.00728110874512003,Standard VADER Tilt,1.0815512651835955
2021-03-15,0.0052109638299966616,Standard VADER Tilt,1.0871871897067542
2021-03-16,-0.0005951901562356271,Standard VADER Tilt,1.0865401065934552
2021-03-17,0.002582849153009148,Standard VADER Tilt,1.0893464757874807
2021-03-18,-0.013577790930744068,Standard VADER Tilt,1.0745555570880954
2021-03-19,-0.0052227343478708065,Standard VADER Tilt,1.0689434388713959
2021-03-22,0.0054219626807459976,Standard VADER Tilt,1.0747392103047848
2021-03-23,-0.008331466866361088,Standard VADER Tilt,1.0657850561841513
2021-03-24,-0.0033970238559676196,Standard VADER Tilt,1.06216455892296
2021-03-25,0.007301268728013002,Standard VADER Tilt,1.0699197078010279
2021-03-26,0.019659912675115035,Standard VADER Tilt,1.0909542358257807
2021-03-29,0.0010013432493194193,Standard VADER Tilt,1.0920466554851413
2021-03-30,-0.0031390670808606126,Standard VADER Tilt,1.0886186477781439
2021-03-31,-0.0011751030694385372,Standard VADER Tilt,1.0873394086636916
2021-04-01,0.011937849347238341,Standard VADER Tilt,1.1003199027136341
2021-04-05,0.004738601797861118,Standard VADER Tilt,1.1055338805828552
2021-04-06,0.0003282815925832878,Standard VADER Tilt,1.1058968070058277
2021-04-07,-0.0009999449400471486,Standard VADER Tilt,1.104790971089448
2021-04-08,-0.001315722284600158,Standard VADER Tilt,1.1033373729889604
2021-04-09,0.0025805583187604635,Standard VADER Tilt,1.1061845994252262
2021-04-12,-0.0005025548546650602,Standard VADER Tilt,1.1056286809846292
2021-04-13,0.0016789178893925872,Standard VADER Tilt,1.1074849407561598
2021-04-14,0.0033830239384265368,Standard VADER Tilt,1.1112315888221846
2021-04-15,0.00929416487152589,Standard VADER Tilt,1.1215595584191458
2021-04-16,0.0027856785938916244,Standard VADER Tilt,1.1246838628728084
2021-04-19,-0.0036479270753915,Standard VADER Tilt,1.1205810981581787
2021-04-20,-0.008906778605358422,Standard VADER Tilt,1.1106003304075345
2021-04-21,0.010547301102110714,Standard VADER Tilt,1.1223141664964462
2021-04-22,-0.009761080704009906,Standard VADER Tilt,1.1113591673420207
2021-04-23,0.00889103576267479,Standard VADER Tilt,1.121240301444035
2021-04-26,0.000930855806058471,Standard VADER Tilt,1.122284014488621
2021-04-27,0.0011398300817562733,Standard VADER Tilt,1.1235632275686094
2021-04-28,0.000669087039954008,Standard VADER Tilt,1.1243149891627444
2021-04-29,0.008998450339149755,Standard VADER Tilt,1.1344320817582871
2021-04-30,-0.0070878668859648926,Standard VADER Tilt,1.1263913781716164
2021-05-03,0.007474384908185415,Standard VADER Tilt,1.1348104608893324
2021-05-04,-0.002424597026817962,Standard VADER Tilt,1.132059002819858
2021-05-05,0.006287994434703643,Standard VADER Tilt,1.1391773835293455
2021-05-06,0.007887788874740127,Standard VADER Tilt,1.1481629742215038
2021-05-07,0.009738182318293659,Standard VADER Tilt,1.159343994595587
2021-05-10,-0.0038954987577558254,Standard VADER Tilt,1.1548277715048283
2021-05-11,-0.009803657977185345,Standard VADER Tilt,1.14350623501044
2021-05-12,-0.015201606613777003,Standard VADER Tilt,1.12612310306541
2021-05-13,0.008218723646908422,Standard VADER Tilt,1.1353783976419036
2021-05-14,0.013797851439138371,Standard VADER Tilt,1.1510441800997735
2021-05-17,0.0036609237243136433,Standard VADER Tilt,1.155258065046434
2021-05-18,-0.00908183101479651,Standard VADER Tilt,1.1447662065212014
2021-05-19,-0.00612869543159066,Standard VADER Tilt,1.1377502831010555
2021-05-20,0.008220596746984103,Standard VADER Tilt,1.1471032693771963
2021-05-21,0.002269625315027996,Standard VADER Tilt,1.1497067639963263
2021-05-24,0.005782237411861724,Standard VADER Tilt,1.1563546414597763
2021-05-25,-0.006011434659522756,Standard VADER Tilt,1.149403291089405
2021-05-26,0.0037570028906674063,Standard VADER Tilt,1.1537216025765706
2021-05-27,0.00219317872948898,Standard VADER Tilt,1.1562519202550934
2021-05-28,0.002844680587408148,Standard VADER Tilt,1.1595410876467964
2021-06-01,0.005405937984512443,Standard VADER Tilt,1.165809494857109
2021-06-02,0.0033192086128000123,Standard VADER Tilt,1.1696790597733226
2021-06-03,0.0012821038082251165,Standard VADER Tilt,1.1711787097502593
2021-06-04,0.0069124142560692305,Standard VADER Tilt,1.1792743821599418
2021-06-07,-0.001920468676076677,Standard VADER Tilt,1.177009622648504
2021-06-08,-0.0025396777887972772,Standard VADER Tilt,1.174020397452663
2021-06-09,-0.0026008356221637273,Standard VADER Tilt,1.1709669633818214
2021-06-10,0.003536928575925384,Standard VADER Tilt,1.1751085898960711
2021-06-11,1.1904268098148092e-05,Standard VADER Tilt,1.1751225787037698
2021-06-14,-0.0012338926011421043,Standard VADER Tilt,1.1736726036484721
2021-06-15,-0.002218525638523718,Standard VADER Tilt,1.1710687808860452
2021-06-16,-0.008056295336886232,Standard VADER Tilt,1.1616343049274198
2021-06-17,-0.007818598991568488,Standard VADER Tilt,1.152551952122343
2021-06-18,-0.01464392238840872,Standard VADER Tilt,1.1356740707868545
2021-06-21,0.01613019904336605,Standard VADER Tilt,1.153992719597036
2021-06-22,0.0015722662468176688,Standard VADER Tilt,1.1558071033991317
2021-06-23,-0.0035456730119780727,Standard VADER Tilt,1.151708989345557
2021-06-24,0.007975989830996056,Standard VADER Tilt,1.160895008532844
2021-06-25,0.008188550781815119,Standard VADER Tilt,1.1704010562625708
2021-06-28,-0.0013438871132911416,Standard VADER Tilt,1.1688281693656772
2021-06-29,-7.377751693281698e-05,Standard VADER Tilt,1.1687419361256204
2021-06-30,0.003956081190183608,Standard VADER Tilt,1.1733655741153057
2021-07-01,0.006681023813109583,Standard VADER Tilt,1.1812048574574532
2021-07-02,0.003727541810123271,Standard VADER Tilt,1.1856078479499466
2021-07-06,-0.008866479168646373,Standard VADER Tilt,1.1750956806639148
2021-07-07,1.5522373841988743e-06,Standard VADER Tilt,1.1750975046913603
2021-07-08,-0.0069021629430076085,Standard VADER Tilt,1.1669867902400588
2021-07-09,0.011704979705799038,Standard VADER Tilt,1.1806463469367543
2021-07-12,0.004228284836679966,Standard VADER Tilt,1.1856384559829884
2021-07-13,-0.0046736796704693,Standard VADER Tilt,1.1800971616347342
2021-07-14,-0.001397343336031801,Standard VADER Tilt,1.1784481607300539
2021-07-15,-0.0011645771702792791,Standard VADER Tilt,1.1770757669057101
2021-07-16,-0.008953117896784537,Standard VADER Tilt,1.1665372687911553
2021-07-19,-0.016993436939003265,Standard VADER Tilt,1.1467137912769556
2021-07-20,0.010824917558844245,Standard VADER Tilt,1.1591268735311182
2021-07-21,0.0096094886005909,Standard VADER Tilt,1.170265490008954
2021-07-22,-0.001169873278945629,Standard VADER Tilt,1.1688964276829203
2021-07-23,0.005331087434869334,Standard VADER Tilt,1.1751279167412043
2021-07-26,0.005277618354669431,Standard VADER Tilt,1.1813297934036822
2021-07-27,-0.0020128807808731638,Standard VADER Tilt,1.1789519173666672
2021-07-28,0.0021940937828155574,Standard VADER Tilt,1.1815386484387997
2021-07-29,0.0062755773136820596,Standard VADER Tilt,1.1889534855761807
2021-07-30,-0.005231522064409164,Standard VADER Tilt,1.1827334491828327
2021-08-02,-0.0026067303838346934,Standard VADER Tilt,1.1796503819648703
2021-08-03,0.006728054379854164,Standard VADER Tilt,1.1875871338839457
2021-08-04,-0.00787046025196861,Standard VADER Tilt,1.1782402765509628
2021-08-05,0.004555509204801262,Standard VADER Tilt,1.1836077609762583
2021-08-06,0.003211911441215554,Standard VADER Tilt,1.1874094042856493
2021-08-09,-0.0026671153360041354,Standard VADER Tilt,1.1842424464533634
2021-08-10,0.0063433059214783325,Standard VADER Tilt,1.191754458576417
2021-08-11,0.008713647569256773,Standard VADER Tilt,1.2021389869175425
2021-08-12,0.0018329271451063985,Standard VADER Tilt,1.2043424200988542
2021-08-13,0.0010283624636007152,Standard VADER Tilt,1.2055809206370058
2021-08-16,-0.0016199035935660741,Standard VADER Tilt,1.2036279957713312
2021-08-17,-0.005672939348812677,Standard VADER Tilt,1.1967998871527874
2021-08-18,-0.012825602564655257,Standard VADER Tilt,1.1814502074507416
2021-08-19,-0.00453439353567194,Standard VADER Tilt,1.1760930472673585
2021-08-20,0.005537639845119475,Standard VADER Tilt,1.1826058269874742
2021-08-23,0.01018993864198671,Standard VADER Tilt,1.1946565078021325
2021-08-24,0.0021262417135654607,Standard VADER Tilt,1.1971966363024038
2021-08-25,0.00037604169116962075,Standard VADER Tilt,1.1976468321501814
2021-08-26,-0.007097675152032632,Standard VADER Tilt,1.1891463239887186
2021-08-27,0.011359108575251985,Standard VADER Tilt,1.2026539661947682
2021-08-30,-0.0008229854062191465,Standard VADER Tilt,1.2016641995318582
2021-08-31,-0.000623881945659723,Standard VADER Tilt,1.2009145029330246
2021-09-01,-0.002395026527215823,Standard VADER Tilt,1.198038280841582
2021-09-02,0.007012661057059325,Standard VADER Tilt,1.206439717238506
2021-09-03,-0.0035951908616038268,Standard VADER Tilt,1.2021023361920142
2021-09-07,-0.009929334772859993,Standard VADER Tilt,1.1901662596647267
2021-09-08,-0.00226749256283969,Standard VADER Tilt,1.1874675665223942
2021-09-09,-0.006045983658468928,Standard VADER Tilt,1.180288157020238
2021-09-10,-0.0036595719866877553,Standard VADER Tilt,1.1759688075445873
2021-09-13,0.005925618052876146,Standard VADER Tilt,1.1829371495401928
2021-09-14,-0.009823669671990278,Standard VADER Tilt,1.1713163657403842
2021-09-15,0.008985894053815939,Standard VADER Tilt,1.181841690506428
2021-09-16,-0.005034868957065475,Standard VADER Tilt,1.1758912724667314
2021-09-17,-0.011296540647045024,Standard VADER Tilt,1.1626077689108054
2021-09-20,-0.017449052543483275,Standard VADER Tilt,1.142321364863619
2021-09-21,-0.0020080586642797016,Standard VADER Tilt,1.1400275165495128
2021-09-22,0.009464302901122242,Standard VADER Tilt,1.1508170822817516
2021-09-23,0.01208623569293476,Standard VADER Tilt,1.1647261287776645
2021-09-24,-0.0020459806529561065,Standard VADER Tilt,1.162343121652193
2021-09-27,0.0042089123950569,Standard VADER Tilt,1.1672353220242238
2021-09-28,-0.010915493535669174,Standard VADER Tilt,1.1544943724120635
2021-09-29,0.003673906726838848,Standard VADER Tilt,1.1587358770529657
2021-09-30,-0.01062467988501053,Standard VADER Tilt,1.146424679288001
2021-10-01,0.012394783367151893,Standard VADER Tilt,1.1606343648345323
2021-10-04,-0.0030508638074009187,Standard VADER Tilt,1.1570934274572329
2021-10-05,0.0058656913877461955,Standard VADER Tilt,1.1638805804094865
2021-10-06,0.0007698748724290824,Standard VADER Tilt,1.164776622822852
2021-10-07,0.008229110584957313,Standard VADER Tilt,1.1743616984588343
2021-10-08,-0.0007033244908433297,Standard VADER Tilt,1.1735357411151999
2021-10-11,-0.008804504979000136,Standard VADER Tilt,1.1632033398395165
2021-10-12,-0.0007346032739203605,Standard VADER Tilt,1.1623488468578353
2021-10-13,0.0032051662261560862,Standard VADER Tilt,1.1660743681247956
2021-10-14,0.012943089509927128,Standard VADER Tilt,1.1811669730466665
2021-10-15,0.004935983864626574,Standard VADER Tilt,1.1869971941670547
2021-10-18,0.0009359406022249159,Standard VADER Tilt,1.1881081530358026
2021-10-19,0.009372533137054821,Standard VADER Tilt,1.1992437360705357
2021-10-20,0.008573145663092564,Standard VADER Tilt,1.2095250273054199
2021-10-21,0.0008682178299907215,Standard VADER Tilt,1.2105751584999465
2021-10-22,0.0011407942091943314,Standard VADER Tilt,1.2119561756305577
2021-10-25,0.006712685452312695,Standard VADER Tilt,1.2200916562195536
2021-10-26,0.005370135254021905,Standard VADER Tilt,1.2266437134357562
2021-10-27,-0.016371545026457133,Standard VADER Tilt,1.2065616606498222
2021-10-28,0.008324973163926124,Standard VADER Tilt,1.2166062540953542
2021-10-29,-0.002806746665384813,Standard VADER Tilt,1.2131915485485858
2021-11-01,0.007779725885780002,Standard VADER Tilt,1.2226298462432386
2021-11-02,0.003991167942111954,Standard VADER Tilt,1.2275095672906338
2021-11-03,0.004584775898963246,Standard VADER Tilt,1.2331374235704946
2021-11-04,0.004586753341198703,Standard VADER Tilt,1.2387935207682137
2021-11-05,0.004450129927045386,Standard VADER Tilt,1.2443063128884142
2021-11-08,0.004061676018949383,Standard VADER Tilt,1.2493602819997003
2021-11-09,-0.000902088552611644,Standard VADER Tilt,1.2482332483912206
2021-11-10,-0.008433145880628948,Standard VADER Tilt,1.237706715314486
2021-11-11,0.0013111288189197202,Standard VADER Tilt,1.2393295082583056
2021-11-12,0.002128329029387853,Standard VADER Tilt,1.2419672092277088
2021-11-15,-0.0008523077094062809,Standard VADER Tilt,1.2409086710004542
2021-11-16,0.000525113443873281,Standard VADER Tilt,1.2415602888262154
2021-11-17,-0.006635231175474958,Standard VADER Tilt,1.233322249291564
2021-11-18,-0.0010364169401240234,Standard VADER Tilt,1.2320440132197665
2021-11-19,-0.008779617044643846,Standard VADER Tilt,1.221227138601551
2021-11-22,0.0017537918351729484,Standard VADER Tilt,1.223368916786122
2021-11-23,0.007874802569942385,Standard VADER Tilt,1.2330027054760169
2021-11-24,0.002020398003116552,Standard VADER Tilt,1.235493861679998
2021-11-26,-0.02258981027278746,Standard VADER Tilt,1.2075842897514533
2021-11-29,0.007953729068596222,Standard VADER Tilt,1.2171890880196297
2021-11-30,-0.02282658912124747,Standard VADER Tilt,1.1894048128245396
2021-12-01,-0.013019641859633727,Standard VADER Tilt,1.1739191881354394
2021-12-02,0.021403828913632836,Standard VADER Tilt,1.1990455535967213
2021-12-03,-0.000689155664465622,Standard VADER Tilt,1.1982192245615078
2021-12-06,0.013784617222322389,Standard VADER Tilt,1.2147362179205161
2021-12-07,0.014439085056694348,Standard VADER Tilt,1.2322758974925179
2021-12-08,-0.0006821039357977648,Standard VADER Tilt,1.2314353572528494
2021-12-09,-0.006322603988674836,Standard VADER Tilt,1.2236494791512873
2021-12-10,0.005384461419418954,Standard VADER Tilt,1.2302381725626694
2021-12-13,-0.005556781117383183,Standard VADER Tilt,1.223402008315489
2021-12-14,-0.001832222770633409,Standard VADER Tilt,1.2211604632982147
2021-12-15,0.008004354879392285,Standard VADER Tilt,1.2309350650111366
2021-12-16,0.005350917697280019,Standard VADER Tilt,1.2375216972347072
2021-12-17,-0.012624978513790762,Standard VADER Tilt,1.221898012396769
2021-12-20,-0.00799143692072421,Standard VADER Tilt,1.2121332915071419
2021-12-21,0.01359502867623261,Standard VADER Tilt,1.2286122783645976
2021-12-22,0.005871554714987214,Standard VADER Tilt,1.2358261425805206
2021-12-23,0.004862810768819228,Standard VADER Tilt,1.2418357312550496
2021-12-27,0.012071884886052054,Standard VADER Tilt,1.256827029250147
2021-12-28,0.002010715701788562,Standard VADER Tilt,1.2593541510922928
2021-12-29,0.0006315831390829871,Standard VADER Tilt,1.260149537940257
2021-12-30,-0.001303405428732511,Standard VADER Tilt,1.258507052191491
2021-12-31,-0.0010146799348286345,Standard VADER Tilt,1.2572300703377919
2022-01-03,0.008779350239721454,Standard VADER Tilt,1.268267733457197
2022-01-04,0.008582618979555208,Standard VADER Tilt,1.2791527921775243
2022-01-05,-0.010114369168791791,Standard VADER Tilt,1.26621496861415
2022-01-06,0.0013432410705010757,Standard VADER Tilt,1.2679158005640756
2022-01-07,0.0017670603215559737,Standard VADER Tilt,1.2701562842663263
2022-01-10,-0.005631059785418184,Standard VADER Tilt,1.2630039582927979
2022-01-11,0.011088116836936855,Standard VADER Tilt,1.277008293747862
2022-01-12,0.0023555197449636072,Standard VADER Tilt,1.2800163119982673
2022-01-13,-0.005283164030892622,Standard VADER Tilt,1.2732537758597622
2022-01-14,0.003593127673848416,Standard VADER Tilt,1.2778287392376357
2022-01-18,-0.010568694249172984,Standard VADER Tilt,1.264323757989827
2022-01-19,-0.007527609783347715,Standard VADER Tilt,1.2548064220998638
2022-01-20,-0.011943809879196595,Standard VADER Tilt,1.239819252759108
2022-01-21,-0.013385251362252614,Standard VADER Tilt,1.223223960417167
2022-01-24,0.001980377644116876,Standard VADER Tilt,1.2256464058021255
2022-01-25,-0.0011019520637205221,Standard VADER Tilt,1.22429580221586
2022-01-26,-0.007847122650228603,Standard VADER Tilt,1.2146886028957122
2022-01-27,-0.0030330359826652,Standard VADER Tilt,1.2110044086553962
2022-01-28,0.01573866669841604,Standard VADER Tilt,1.230064003413536
2022-01-31,0.012592592655819464,Standard VADER Tilt,1.2455536983491091
2022-02-01,0.010285029919132873,Standard VADER Tilt,1.2583642554025163
2022-02-02,0.01003072248576347,Standard VADER Tilt,1.2709865580344633
2022-02-03,-0.009550274880276793,Standard VADER Tilt,1.2588482870360973
2022-02-04,-0.0011529039106534865,Standard VADER Tilt,1.257396955923054
2022-02-07,0.0023731139912986344,Standard VADER Tilt,1.2603809022317713
2022-02-08,0.003300835416280963,Standard VADER Tilt,1.264541212151862
2022-02-09,0.012618845273583026,Standard VADER Tilt,1.2804982620500753
2022-02-10,-0.0171300070959725,Standard VADER Tilt,1.2585633177347773
2022-02-11,-0.010388371039115649,Standard VADER Tilt,1.245488895013928
2022-02-14,-0.006622102246533379,Standard VADER Tilt,1.2372411402042238
2022-02-15,0.010014951328438578,Standard VADER Tilt,1.2496320500049112
2022-02-16,-0.0004307914179113583,Standard VADER Tilt,1.249093719242222
2022-02-17,-0.015268389307304927,Standard VADER Tilt,1.2300220700555224
2022-02-18,-0.008468139225911043,Standard VADER Tilt,1.219606071915349
2022-02-22,-0.006715167595531449,Standard VADER Tilt,1.2114162127419097
2022-02-23,-0.011040034967697187,Standard VADER Tilt,1.1980421353928037
2022-02-24,0.006338852863270542,Standard VADER Tilt,1.2056363482130572
2022-02-25,0.025361952013770853,Standard VADER Tilt,1.2362136394224947
2022-02-28,-0.001983060690318594,Standard VADER Tilt,1.2337621527493203
2022-03-01,-0.012911438341218348,Standard VADER Tilt,1.2178325087863686
2022-03-02,0.01947670299900443,Standard VADER Tilt,1.241551870862533
2022-03-03,-0.0008011744027194956,Standard VADER Tilt,1.2405571712839494
2022-03-04,0.002605544273250181,Standard VADER Tilt,1.2437894979172277
2022-03-07,-0.01639789358729653,Standard VADER Tilt,1.223393970085384
2022-03-08,-0.004876734024583263,Standard VADER Tilt,1.2174278030859986
2022-03-09,0.013272247111190467,Standard VADER Tilt,1.2335858057285898
2022-03-10,-0.000288031875313087,Standard VADER Tilt,1.2332304936956062
2022-03-11,-0.008140740224074057,Standard VADER Tilt,1.2231910846100236
2022-03-14,-0.010111851465448142,Standard VADER Tilt,1.2108223580485866
2022-03-15,0.008927201460081892,Standard VADER Tilt,1.2216316131712577
2022-03-16,0.014573461250796046,Standard VADER Tilt,1.2394350141485564
2022-03-17,0.01469452977151561,Standard VADER Tilt,1.2576479288638212
2022-03-18,0.00439616208326825,Standard VADER Tilt,1.263176753002793
2022-03-21,0.004122842817385198,Standard VADER Tilt,1.2683846322059986
2022-03-22,0.004917588863258705,Standard VADER Tilt,1.2746220263476633
2022-03-23,-0.009245344759669009,Standard VADER Tilt,1.2628377062758114
2022-03-24,0.010519599631886251,Standard VADER Tilt,1.2761222533458825
2022-03-25,0.009053570956153199,Standard VADER Tilt,1.2876757167152755
2022-03-28,0.0005331711464347832,Standard VADER Tilt,1.2883622682533926
2022-03-29,0.012010219180877305,Standard VADER Tilt,1.303835781479488
2022-03-30,-0.0036775848852598427,Standard VADER Tilt,1.299040814716658
2022-03-31,-0.01412474998131601,Standard VADER Tilt,1.2806921879932602
2022-04-01,0.006107118546512921,Standard VADER Tilt,1.2885135270069281
2022-04-04,0.0023406118621055656,Standard VADER Tilt,1.2915294370527242
2022-04-05,-0.010684728192774457,Standard VADER Tilt,1.2777297960648488
2022-04-06,-0.0010114088251421982,Standard VADER Tilt,1.2764374888729617
2022-04-07,0.0015780538605221326,Standard VADER Tilt,1.278451775979993
2022-04-08,0.0030308882118608898,Standard VADER Tilt,1.2823266203972432
2022-04-11,-0.011546000380158681,Standard VADER Tilt,1.2675208767506492
2022-04-12,-0.0006050173878684925,Standard VADER Tilt,1.2667540045807288
2022-04-13,0.008925242341017417,Standard VADER Tilt,1.278060091058066
2022-04-14,-0.001855372000830803,Standard VADER Tilt,1.2756888141497376
2022-04-18,0.00047396344009902394,Standard VADER Tilt,1.2762934440085878
2022-04-19,0.011992098215124597,Standard VADER Tilt,1.2915988803404586
2022-04-20,0.001635348947505728,Standard VADER Tilt,1.293711095210023
2022-04-21,-0.011327758748970993,Standard VADER Tilt,1.2790562480326169
2022-04-22,-0.023580812881090936,Standard VADER Tilt,1.2488950619833694
2022-04-25,-0.002669041200563769,Standard VADER Tilt,1.2455617096077551
2022-04-26,-0.019887328286455223,Standard VADER Tilt,1.2207908149877473
2022-04-27,0.0005744021973032818,Standard VADER Tilt,1.221492039914324
2022-04-28,0.01664555571842902,Standard VADER Tilt,1.2418244537243355
2022-04-29,-0.03471994299915312,Standard VADER Tilt,1.198708379476072
2022-05-02,0.0035829562365515006,Standard VADER Tilt,1.2030032991401223
2022-05-03,0.006332108509498673,Standard VADER Tilt,1.2106208465675625
2022-05-04,0.030334471953524254,Standard VADER Tilt,1.2473443906841182
2022-05-05,-0.02519834779680187,Standard VADER Tilt,1.2159133729052698
2022-05-06,-0.003682016073188018,Standard VADER Tilt,1.2114363603226284
2022-05-09,-0.034218865287745655,Standard VADER Tilt,1.1699823827040714
2022-05-10,-0.004802353111732901,Standard VADER Tilt,1.1643637141678198
2022-05-11,-0.0035037040893874374,Standard VADER Tilt,1.1602841282609557
2022-05-12,0.002326338999319463,Standard VADER Tilt,1.1629833424788207
2022-05-13,0.021317063694379253,Standard VADER Tilt,1.187774732465944
2022-05-16,0.0015593314459543721,Standard VADER Tilt,1.189626866956988
2022-05-17,0.018991931865024795,Standard VADER Tilt,1.2122201793590381
2022-05-18,-0.027192188082269246,Standard VADER Tilt,1.179257260244785
2022-05-19,-0.002000172186717507,Standard VADER Tilt,1.1768985426718588
2022-05-20,0.0006082513496107418,Standard VADER Tilt,1.1776143927987939
2022-05-23,0.018882798140949467,Standard VADER Tilt,1.1998510476658901
2022-05-24,0.001160423133448663,Standard VADER Tilt,1.2012433825782944
2022-05-25,0.008304568748225742,Standard VADER Tilt,1.2112191908322671
2022-05-26,0.014427065536909733,Standard VADER Tilt,1.2286935294779668
2022-05-27,0.018997760166730018,Standard VADER Tilt,1.2520359544694022
2022-05-31,-0.007601293960101319,Standard VADER Tilt,1.2425188611308642
2022-06-01,-0.005147666749728759,Standard VADER Tilt,1.23612278810351
2022-06-02,0.014747539727375922,Standard VADER Tilt,1.2543525580289812
2022-06-03,-0.008171055883581664,Standard VADER Tilt,1.2441031731796126
2022-06-06,-0.0006407601467033434,Standard VADER Tilt,1.2433060014478519
2022-06-07,0.01027382535864802,Standard VADER Tilt,1.256079510174086
2022-06-08,-0.012711021459677806,Standard VADER Tilt,1.2401134565652017
2022-06-09,-0.02348784293159834,Standard VADER Tilt,1.2109858664800368
2022-06-10,-0.02570488603026946,Standard VADER Tilt,1.1798576127979004
2022-06-13,-0.040539615590674274,Standard VADER Tilt,1.1320266387233429
2022-06-14,-0.006277412872096475,Standard VADER Tilt,1.124920440129865
2022-06-15,0.010574229770079251,Standard VADER Tilt,1.1368156073368567
2022-06-16,-0.028992326124570564,Standard VADER Tilt,1.1038566785054449
2022-06-17,-0.004247058484696015,Standard VADER Tilt,1.09916853463311
2022-06-21,0.02156608400657377,Standard VADER Tilt,1.12287329558839
2022-06-22,-0.003047960894197166,Standard VADER Tilt,1.1194508216942984
2022-06-23,0.0031150131569816137,Standard VADER Tilt,1.12293792573247
2022-06-24,0.027915775532156104,Standard VADER Tilt,1.1542856088037627
2022-06-27,-0.00307163761871581,Standard VADER Tilt,1.150740061705019
2022-06-28,-0.009846075217150467,Standard VADER Tilt,1.139409788502083
2022-06-29,-0.004758933638951799,Standard VADER Tilt,1.1339874129310297
2022-06-30,-0.007268704758411504,Standard VADER Tilt,1.125744793226679
2022-07-01,0.010561838507770373,Standard VADER Tilt,1.1376347279337027
2022-07-05,-0.005900775892774205,Standard VADER Tilt,1.1309218003563288
2022-07-06,-5.34882566292217e-05,Standard VADER Tilt,1.1308613093208437
2022-07-07,0.013732737168403873,Standard VADER Tilt,1.146391130455664
2022-07-08,-0.0033399012139040366,Standard VADER Tilt,1.1425622973274463
2022-07-11,-0.007797752178913254,Standard VADER Tilt,1.1336528796839171
2022-07-12,-0.0033112417382654804,Standard VADER Tilt,1.1298990809520029
2022-07-13,-0.0038280902209036722,Standard VADER Tilt,1.1255737253296025
2022-07-14,-0.0035046626319289345,Standard VADER Tilt,1.1216289691549588
2022-07-15,0.018472582296090462,Standard VADER Tilt,1.1423483525933529
2022-07-18,-0.0036133783635966137,Standard VADER Tilt,1.1382206157724017
2022-07-19,0.027687045004065828,Standard VADER Tilt,1.1697345811858477
2022-07-20,0.003403345765468078,Standard VADER Tilt,1.1737155924194482
2022-07-21,0.006017172512814433,Standard VADER Tilt,1.1807780416200162
2022-07-22,-0.005721802370713675,Standard VADER Tilt,1.1740218630221881
2022-07-25,0.003260318603476768,Standard VADER Tilt,1.1778495483430877
2022-07-26,-0.005268761997681351,Standard VADER Tilt,1.1716437394037915
2022-07-27,0.011907560985993194,Standard VADER Tilt,1.1855951586845992
2022-07-28,0.01008895320430318,Standard VADER Tilt,1.1975565727598165
2022-07-29,0.00967332826028822,Standard VADER Tilt,1.209140930598388
2022-08-01,-0.0015830048858780272,Standard VADER Tilt,1.2072268545975355
2022-08-02,-0.009441862663273652,Standard VADER Tilt,1.1958283844330098
2022-08-03,0.00585209371178603,Standard VADER Tilt,1.2028264842019254
2022-08-04,-0.0016276959188136018,Standard VADER Tilt,1.200868648442549
2022-08-05,0.0014272397309423538,Standard VADER Tilt,1.2025825758892492
2022-08-08,-0.00046842194518721745,Standard VADER Tilt,1.202019259819803
2022-08-09,-0.0006423347089192142,Standard VADER Tilt,1.2012471611284314
2022-08-10,0.016349623245627148,Standard VADER Tilt,1.2208870996377603
2022-08-11,0.006009675555709858,Standard VADER Tilt,1.2282242349967347
2022-08-12,0.015020539016084104,Standard VADER Tilt,1.2466728250390031
2022-08-15,0.004123043579243825,Standard VADER Tilt,1.251812911425698
2022-08-16,0.0023209882815348275,Standard VADER Tilt,1.2547183545237912
2022-08-17,-0.007879541598754864,Standard VADER Tilt,1.2448317490545997
2022-08-18,0.0043333671594586835,Standard VADER Tilt,1.2502260620750045
2022-08-19,-0.008659809427411692,Standard VADER Tilt,1.2393993426362515
2022-08-22,-0.019332669612591783,Standard VADER Tilt,1.2154384446270015
2022-08-23,0.0023461950213495555,Standard VADER Tilt,1.218290100254542
2022-08-24,0.0028028134309071805,Standard VADER Tilt,1.221704740110277
2022-08-25,0.013541008152758044,Standard VADER Tilt,1.2382478539563735
2022-08-26,-0.02745486453659771,Standard VADER Tilt,1.2042519268632683
2022-08-29,-0.003053397063305961,Standard VADER Tilt,1.2005748675663035
2022-08-30,-0.014288060818812464,Standard VADER Tilt,1.1834209808409784
2022-08-31,-0.007396891146610377,Standard VADER Tilt,1.1746673446650828
2022-09-01,-0.0013103870806251145,Standard VADER Tilt,1.1731280757526015
2022-09-02,-0.009418263964301931,Standard VADER Tilt,1.16207924587123
2022-09-06,-0.003961156150482927,Standard VADER Tilt,1.1574760685190986
2022-09-07,0.01567102042543284,Standard VADER Tilt,1.1756148996308111
2022-09-08,0.005635798426917112,Standard VADER Tilt,1.1822404282328107
2022-09-09,0.014642054552127075,Standard VADER Tilt,1.1995508570767257
2022-09-12,0.008652841226890199,Standard VADER Tilt,1.2099303801865908
2022-09-13,-0.039707930212845695,Standard VADER Tilt,1.16188654908774
2022-09-14,0.003385752411728874,Standard VADER Tilt,1.1658204092734692
2022-09-15,-0.016935818922229437,Standard VADER Tilt,1.1460762859261744
2022-09-16,-0.007836747559327594,Standard VADER Tilt,1.1370947753896392
2022-09-19,0.00638179019898579,Standard VADER Tilt,1.1443514756825388
2022-09-20,-0.015565259067850744,Standard VADER Tilt,1.1265393484988628
2022-09-21,-0.01700654965111648,Standard VADER Tilt,1.1073808011346806
2022-09-22,-0.00949614591823938,Standard VADER Tilt,1.096864951460049
2022-09-23,-0.023206133779035132,Standard VADER Tilt,1.0714109566589323
2022-09-26,-0.01626966969502524,Standard VADER Tilt,1.0539794542864604
2022-09-27,-0.004107267671667831,Standard VADER Tilt,1.0496504785472676
2022-09-28,0.021462711326505256,Standard VADER Tilt,1.0721788237620558
2022-09-29,-0.01989891509924057,Standard VADER Tilt,1.050843628376811
2022-09-30,-0.014560343177246965,Standard VADER Tilt,1.0355429845220212
2022-10-03,0.03191878348837027,Standard VADER Tilt,1.0685962568378804
2022-10-04,0.02974883769462026,Standard VADER Tilt,1.1003857534436292
2022-10-05,-0.0029210832319890336,Standard VADER Tilt,1.0971714350705255
2022-10-06,-0.010997038395976079,Standard VADER Tilt,1.0851057986720867
2022-10-07,-0.022286862839470244,Standard VADER Tilt,1.060922194570768
2022-10-10,-0.00596999187133778,Standard VADER Tilt,1.0545884976930588
2022-10-11,-0.0035794979063648244,Standard VADER Tilt,1.05081360037349
2022-10-12,-0.004930385104502621,Standard VADER Tilt,1.0456326846505999
2022-10-13,0.029977509772755394,Standard VADER Tilt,1.0769781486734258
2022-10-14,-0.01832659490251051,Standard VADER Tilt,1.0572408064238321
2022-10-17,0.019485018278226515,Standard VADER Tilt,1.0778411628614875
2022-10-18,0.012027925620404913,Standard VADER Tilt,1.0908053561989963
2022-10-19,-0.007254176780903086,Standard VADER Tilt,1.082892461311573
2022-10-20,-0.0040062150598815125,Standard VADER Tilt,1.0785541612248344
2022-10-21,0.02468141379548442,Standard VADER Tilt,1.1051744027788661
2022-10-24,0.00797671072735084,Standard VADER Tilt,1.1139900592931058
2022-10-25,0.01584509017208531,Standard VADER Tilt,1.1316413322334116
2022-10-26,0.005512073877581149,Standard VADER Tilt,1.1378790228596065
2022-10-27,0.00035332702625553763,Standard VADER Tilt,1.138281066270992
2022-10-28,0.022662111071216528,Standard VADER Tilt,1.164076918225088
2022-10-31,-0.006788971189941182,Standard VADER Tilt,1.1561740335643824
2022-11-01,0.0023138970982994537,Standard VADER Tilt,1.1588493013057761
2022-11-02,-0.01683763428099513,Standard VADER Tilt,1.1393370205836026
2022-11-03,-0.0021996101879817155,Standard VADER Tilt,1.1368309232655822
2022-11-04,0.017743113003649797,Standard VADER Tilt,1.157001842803127
2022-11-07,0.006744104542884896,Standard VADER Tilt,1.1648047841873017
2022-11-08,0.006613771313237386,Standard VADER Tilt,1.1725085366544814
2022-11-09,-0.021139339954164182,Standard VADER Tilt,1.1477224800989827
2022-11-10,0.049576632785674486,Standard VADER Tilt,1.2046226960347137
2022-11-11,0.011127508390210246,Standard VADER Tilt,1.2180271451918776
2022-11-14,-0.009098795412645602,Standard VADER Tilt,1.206944565390728
2022-11-15,0.00988648609674788,Standard VADER Tilt,1.2188770060560088
2022-11-16,-0.010537377570514385,Standard VADER Tilt,1.2060332388311785
2022-11-17,-0.0025191304190517964,Standard VADER Tilt,1.2029950838128514
2022-11-18,0.005100420159536605,Standard VADER Tilt,1.209130864190154
2022-11-21,0.0004823038436127773,Standard VADER Tilt,1.2097140326533837
2022-11-22,0.01455600065550044,Standard VADER Tilt,1.2273226309056544
2022-11-23,0.0036694925972996823,Standard VADER Tilt,1.2318262822142612
2022-11-25,0.0008671483014486551,Standard VADER Tilt,1.232894458282563
2022-11-28,-0.01839555336229921,Standard VADER Tilt,1.210214682485143
2022-11-29,0.003949680821529326,Standard VADER Tilt,1.2149946442064878
2022-11-30,0.024060059961084946,Standard VADER Tilt,1.244227488198493
2022-12-01,-0.00014824122990339368,Standard VADER Tilt,1.2440430423853628
2022-12-02,0.0017923738290245336,Standard VADER Tilt,1.2462728325767145
2022-12-05,-0.017008900184703996,Standard VADER Tilt,1.2250751023645088
2022-12-06,-0.012074852254841086,Standard VADER Tilt,1.210282501502373
2022-12-07,-0.001101309979229396,Standard VADER Tilt,1.2089496053057818
2022-12-08,0.007066855296317802,Standard VADER Tilt,1.2174930772270183
2022-12-09,-0.01058159328145765,Standard VADER Tilt,1.2046100606608117
2022-12-12,0.016469771676761256,Standard VADER Tilt,1.2244497133194248
2022-12-13,0.00886562979621135,Standard VADER Tilt,1.2353052311817918
2022-12-14,-0.00866156160207589,Standard VADER Tilt,1.2246055588245441
2022-12-15,-0.021685841757749805,Standard VADER Tilt,1.1980489564602144
2022-12-16,-0.009540572662740363,Standard VADER Tilt,1.1866188833375855
2022-12-19,-0.006577796548306357,Standard VADER Tilt,1.1788135457426123
2022-12-20,0.0034018459130750124,Standard VADER Tilt,1.182823687785474
2022-12-21,0.017780327093448175,Standard VADER Tilt,1.2038546798481784
2022-12-22,-0.011446264649889733,Standard VADER Tilt,1.190075040582628
2022-12-23,0.007852789240430768,Standard VADER Tilt,1.1994204490566205
2022-12-27,0.0007340080165853801,Standard VADER Tilt,1.2003008332814846
2022-12-28,-0.012997661078178797,Standard VADER Tilt,1.1846997298586364
2022-12-29,0.013162668584560458,Standard VADER Tilt,1.2002935397749839
2022-12-30,-0.0019754476408455493,Standard VADER Tilt,1.1979224227335132
2023-01-03,0.0018728862568506612,Standard VADER Tilt,1.2001659951758241
2023-01-04,0.018253334701704534,Standard VADER Tilt,1.2220730267833726
2023-01-05,-0.006630573560454225,Standard VADER Tilt,1.2139699816830385
2023-01-06,0.023190912858168752,Standard VADER Tilt,1.2421230537406824
2023-01-09,2.4733973912281532e-05,Standard VADER Tilt,1.2421537763798896
2023-01-10,0.007616539145161645,Standard VADER Tilt,1.2516146892419975
2023-01-11,0.009788493599685795,Standard VADER Tilt,1.2638661116169154
2023-01-12,0.007425562594791261,Standard VADER Tilt,1.2732510285401621
2023-01-13,0.0034283928396799113,Standard VADER Tilt,1.2776162332495242
2023-01-17,-0.003967440450317601,Standard VADER Tilt,1.2725473669257477
2023-01-18,-0.0159552292458554,Standard VADER Tilt,1.2522435819602378
2023-01-19,-0.00766606182082312,Standard VADER Tilt,1.2426438052462017
2023-01-20,0.015470840540817807,Standard VADER Tilt,1.2618685494062005
2023-01-23,0.011802794593003844,Standard VADER Tilt,1.2767621246982137
2023-01-24,-0.0030054914859443823,Standard VADER Tilt,1.2729248270028568
2023-01-25,0.002000114115756932,Standard VADER Tilt,1.2754708219176425
2023-01-26,0.00910641332561674,Standard VADER Tilt,1.2870857864067886
2023-01-27,-0.0011918962209534261,Standard VADER Tilt,1.2855517137219274
2023-01-30,-0.010916879133188274,Standard VADER Tilt,1.271517501043762
2023-01-31,0.011861158123301936,Standard VADER Tilt,1.2865991711801879
2023-02-01,0.006139357684418188,Standard VADER Tilt,1.294498063688539
2023-02-02,0.00017994671019919812,Standard VADER Tilt,1.294731004356459
2023-02-03,-0.012876718336994775,Standard VADER Tilt,1.2780591178911866
2023-02-06,-0.004281643054102031,Standard VADER Tilt,1.272586924946336
2023-02-07,0.010460246402591853,Standard VADER Tilt,1.2858984977499912
2023-02-08,-0.009589944717831943,Standard VADER Tilt,1.2735668022438256
2023-02-09,-0.009832142750594287,Standard VADER Tilt,1.2610449116417464
2023-02-10,0.007671266022529161,Standard VADER Tilt,1.270718722625307
2023-02-13,0.008589592051891222,Standard VADER Tilt,1.2816336780653588
2023-02-14,-0.0005525118422591321,Standard VADER Tilt,1.2809255602807896
2023-02-15,0.00010632758838285398,Standard VADER Tilt,1.2810617580065122
2023-02-16,-0.013976770328568543,Standard VADER Tilt,1.263156652038143
2023-02-17,-0.002811820493828086,Standard VADER Tilt,1.2596048822770267
2023-02-21,-0.017595336459431406,Standard VADER Tilt,1.2374417105674198
2023-02-22,-0.0055220511666447085,Standard VADER Tilt,1.230608494125926
2023-02-23,0.005545318987277424,Standard VADER Tilt,1.2374326107743074
2023-02-24,-0.00914574621664031,Standard VADER Tilt,1.226115366155971
2023-02-27,0.0017583399696737795,Standard VADER Tilt,1.228271293811714
2023-02-28,-0.004568956523380719,Standard VADER Tilt,1.2226593756713717
2023-03-01,-0.0010765298830082075,Standard VADER Tilt,1.2213431463167213
2023-03-02,0.012187811216092128,Standard VADER Tilt,1.2362286460140972
2023-03-03,0.013119619212631555,Standard VADER Tilt,1.2524474951095492
2023-03-06,-0.0019042309193392556,Standard VADER Tilt,1.2500625458645127
2023-03-07,-0.0170438740057827,Standard VADER Tilt,1.22875663733345
2023-03-08,0.003547349380442513,Standard VADER Tilt,1.2331154664296093
2023-03-09,-0.017133923588511613,Standard VADER Tilt,1.2119873602519926
2023-03-10,-0.01310613469019982,Standard VADER Tilt,1.1961028906657103
2023-03-13,-0.003383007001680996,Standard VADER Tilt,1.1920564662118573
2023-03-14,0.014975980205891616,Standard VADER Tilt,1.2099086802541512
2023-03-15,-0.008726813064638708,Standard VADER Tilt,1.1993500333762894
2023-03-16,0.015158544947985986,Standard VADER Tilt,1.2175304347655924
2023-03-17,-0.011006693170105254,Standard VADER Tilt,1.2041294508448626
2023-03-20,0.010339335608447532,Standard VADER Tilt,1.2165793493531634
2023-03-21,0.007090402546075165,Standard VADER Tilt,1.2252053866693196
2023-03-22,-0.01928501115569433,Standard VADER Tilt,1.2015772871193848
2023-03-23,0.0026466030424043066,Standard VADER Tilt,1.204757385223159
2023-03-24,0.0075696848578157,Standard VADER Tilt,1.2138770189594243
2023-03-27,0.003544621535770567,Standard VADER Tilt,1.2181797535826049
2023-03-28,0.0012893723673497125,Standard VADER Tilt,1.2197504408953392
2023-03-29,0.015864033100547435,Standard VADER Tilt,1.2391006022641102
2023-03-30,0.00525967438424187,Standard VADER Tilt,1.2456178679613374
2023-03-31,0.012196786534474889,Standard VADER Tilt,1.2608104032003897
2023-04-03,0.007015250946972466,Standard VADER Tilt,1.269655304575394
2023-04-04,-0.004755935153421512,Standard VADER Tilt,1.2636169062796359
2023-04-05,0.0038494875257368347,Standard VADER Tilt,1.2684811837976695
2023-04-06,-0.00022921633089824825,Standard VADER Tilt,1.268190427194906
2023-04-10,0.003296215409856456,Standard VADER Tilt,1.2723706560236583
2023-04-11,0.0023865004026518456,Standard VADER Tilt,1.2754071691065811
2023-04-12,-0.0021796724597078956,Standard VADER Tilt,1.2726271992251657
2023-04-13,0.0069604560367477215,Standard VADER Tilt,1.2814852648965418
2023-04-14,-0.005691946420477457,Standard VADER Tilt,1.2741911194301194
2023-04-17,0.004762614854630259,Standard VADER Tilt,1.2802596009831553
2023-04-18,0.00018940278999792095,Standard VADER Tilt,1.2805020857235032
2023-04-19,0.00219504858468607,Standard VADER Tilt,1.2833128500144582
2023-04-20,-0.007383812593235362,Standard VADER Tilt,1.2738371084314606
2023-04-21,-0.0009723576216982783,Standard VADER Tilt,1.2725984832102752
2023-04-24,0.0017000104015254995,Standard VADER Tilt,1.2747619138686983
2023-04-25,-0.014413774347893784,Standard VADER Tilt,1.2563877832949055
2023-04-26,-0.012768686372241132,Standard VADER Tilt,1.2403453617280975
2023-04-27,0.01444986985054284,Standard VADER Tilt,1.258268190774793
2023-04-28,0.009265411680297587,Standard VADER Tilt,1.2699265635665447
2023-05-01,-0.0035243149533362435,Standard VADER Tilt,1.2654509423889282
2023-05-02,-0.016778400887161732,Standard VADER Tilt,1.2442186991744901
2023-05-03,-0.012520389923810925,Standard VADER Tilt,1.2286405959103288
2023-05-04,-0.0051439699940851,Standard VADER Tilt,1.2223205055514512
2023-05-05,0.017285437512792226,Standard VADER Tilt,1.2434488502707655
2023-05-08,-0.00047326796495178604,Standard VADER Tilt,1.2428603657638762
2023-05-09,-0.0042553167480593014,Standard VADER Tilt,1.237571601233942
2023-05-10,-0.0018238662277243064,Standard VADER Tilt,1.2353144361860606
2023-05-11,-0.009360023187726094,Standard VADER Tilt,1.2237518644192262
2023-05-12,-0.0008641872084002885,Standard VADER Tilt,1.2226943137117392
2023-05-15,0.004281878577003541,Standard VADER Tilt,1.2279297422998456
2023-05-16,-0.015954416715553175,Standard VADER Tilt,1.208338839493772
2023-05-17,0.012107557213451282,Standard VADER Tilt,1.2229688711261781
2023-05-18,0.006058662451220089,Standard VADER Tilt,1.2303784267046811
2023-05-19,-0.002616621747709969,Standard VADER Tilt,1.2271589917554526
2023-05-22,0.00047403287363323817,Standard VADER Tilt,1.2277407054587193
2023-05-23,-0.007006129491769325,Standard VADER Tilt,1.2191389950939593
2023-05-24,-0.009035606142577,Standard VADER Tilt,1.208123335301233
2023-05-25,0.0015032407682120442,Standard VADER Tilt,1.2099394355518862
2023-05-26,0.00916538667862726,Standard VADER Tilt,1.2210289983364393
2023-05-30,-0.0016129243447827925,Standard VADER Tilt,1.2190595709393368
2023-05-31,-0.0060008958432664836,Standard VADER Tilt,1.2117441214273927
2023-06-01,0.005101989998602209,Standard VADER Tilt,1.2179264278157804
2023-06-02,0.019448408072234687,Standard VADER Tilt,1.2416131579859007
2023-06-05,-0.006031295175249187,Standard VADER Tilt,1.2341246225366145
2023-06-06,0.004354539129760981,Standard VADER Tilt,1.2394986664964518
2023-06-07,0.00847017817961851,Standard VADER Tilt,1.2499974410550765
2023-06-08,0.0036780780186021463,Standard VADER Tilt,1.25459502916633
2023-06-09,-0.0029072698148445856,Standard VADER Tilt,1.2509475829081806
2023-06-12,0.005137778153108255,Standard VADER Tilt,1.25737467407033
2023-06-13,0.0074719337267716715,Standard VADER Tilt,1.2667696943047047
2023-06-14,-9.248427531617127e-06,Standard VADER Tilt,1.2667579786769876
2023-06-15,0.009936278920405295,Standard VADER Tilt,1.279344839277771
2023-06-16,0.0004496325078724078,Standard VADER Tilt,1.2799200743062893
2023-06-20,-0.012719181955295443,Standard VADER Tilt,1.2636405379929523
2023-06-21,-0.0032475399405371267,Standard VADER Tilt,1.2595368148753383
2023-06-22,-0.005708666708553864,Standard VADER Tilt,1.2523465389920616
2023-06-23,-0.0071652072427272175,Standard VADER Tilt,1.2433732165004714
2023-06-26,0.0066635255979517255,Standard VADER Tilt,1.2516584657564298
2023-06-27,0.0072556053820560336,Standard VADER Tilt,1.2607400056570681
2023-06-28,-0.0016160574340411153,Standard VADER Tilt,1.258702577398533
2023-06-29,0.00628799588605014,Standard VADER Tilt,1.2666172940269758
2023-06-30,0.008273361909549951,Standard VADER Tilt,1.2770964773013556
2023-07-03,0.005689992691142009,Standard VADER Tilt,1.2843631469230834
2023-07-05,-0.003975703743098655,Standard VADER Tilt,1.2792568995523634
2023-07-06,-0.012186365212465787,Standard VADER Tilt,1.2636674077738517
2023-07-07,0.00046857088089350535,Standard VADER Tilt,1.2642595255242688
2023-07-10,0.004653047856043059,Standard VADER Tilt,1.2701421855989916
2023-07-11,0.014242488202404742,Standard VADER Tilt,1.288232170692762
2023-07-12,0.00823418627622233,Standard VADER Tilt,1.2988397143532684
2023-07-13,0.005691575583075018,Standard VADER Tilt,1.3062321587578096
2023-07-14,-0.00653121217825107,Standard VADER Tilt,1.2977008793749074
2023-07-17,-0.0035319468914647703,Standard VADER Tilt,1.293117468787948
2023-07-18,0.005779068827056211,Standard VADER Tilt,1.3005904836415425
2023-07-19,0.005777302397620292,Standard VADER Tilt,1.3081043881610068
2023-07-20,0.0018161281776823946,Standard VADER Tilt,1.310480073399696
2023-07-21,0.004420070453937259,Standard VADER Tilt,1.3162724876526035
2023-07-24,0.00530459822828474,Standard VADER Tilt,1.3232547843585454
2023-07-25,0.003324570735506342,Standard VADER Tilt,1.3276540384902424
2023-07-26,0.0022655090741175855,Standard VADER Tilt,1.3306618507617307
2023-07-27,-0.004728299522082318,Standard VADER Tilt,1.3243700829687208
2023-07-28,0.0043844888292706875,Standard VADER Tilt,1.3301767688033177
2023-07-31,0.00421429892108888,Standard VADER Tilt,1.3357825313249432
2023-08-01,-0.0038438404314264877,Standard VADER Tilt,1.3306479964234432
2023-08-02,-0.013680539371294714,Standard VADER Tilt,1.3124440141190379
2023-08-03,-0.005294786659216264,Standard VADER Tilt,1.3054949030621121
2023-08-04,-0.0021680730635141,Standard VADER Tilt,1.3026644947282282
2023-08-07,0.00799153424096632,Standard VADER Tilt,1.31307478264234
2023-08-08,-0.0031122722965893634,Standard VADER Tilt,1.308988136372972
2023-08-09,-0.0016697104572013458,Standard VADER Tilt,1.3068025051933176
2023-08-10,0.0010070431693771427,Standard VADER Tilt,1.3081185117298975
2023-08-11,0.002007015049282332,Standard VADER Tilt,1.3107439252691842
2023-08-14,0.0014629597080517225,Standard VADER Tilt,1.3126614908194265
2023-08-15,-0.01311419256082953,Standard VADER Tilt,1.295446995261635
2023-08-16,-0.008214809356141987,Standard VADER Tilt,1.2848051451645737
2023-08-17,-0.0044296938532814014,Standard VADER Tilt,1.2791138517103737
2023-08-18,0.0018990153061166448,Standard VADER Tilt,1.2815429084930376
2023-08-21,-0.0006032797238263976,Standard VADER Tilt,1.2807697796411304
2023-08-22,-0.005082682436899987,Standard VADER Tilt,1.274260033576436
2023-08-23,0.007190202475456306,Standard VADER Tilt,1.2834222212242323
2023-08-24,-0.012292282714665075,Standard VADER Tilt,1.2676460324386607
2023-08-25,0.005088742662268419,Standard VADER Tilt,1.2740967568845865
2023-08-28,0.0080362264272955,Standard VADER Tilt,1.2843356869131939
2023-08-29,0.011766495829002549,Standard VADER Tilt,1.299447817416297
2023-08-30,0.0017381614529566737,Standard VADER Tilt,1.3017064675226584
2023-08-31,-0.0030347573356216914,Standard VADER Tilt,1.2977561042715178
2023-09-01,0.0037637632843809583,Standard VADER Tilt,1.3026405510488561
2023-09-05,-0.008922445739046258,Standard VADER Tilt,1.2910178114146413
2023-09-06,-0.004138093930178267,Standard VADER Tilt,1.2856754584454744
2023-09-07,3.1085230806890464e-05,Standard VADER Tilt,1.285715423963843
2023-09-08,0.0026209822517265363,Standard VADER Tilt,1.2890852612708232
2023-09-11,0.002799330090351536,Standard VADER Tilt,1.2926938364317273
2023-09-12,0.0022244105775320036,Standard VADER Tilt,1.2955693182749963
2023-09-13,-0.0009772709774283422,Standard VADER Tilt,1.2943031959809994
2023-09-14,0.012389685499662375,Standard VADER Tilt,1.310339205520412
2023-09-15,-0.010224128731245022,Standard VADER Tilt,1.296942128801574
2023-09-18,-0.0003283300598075468,Standard VADER Tilt,1.2965163037148575
2023-09-19,-0.004359194833974282,Standard VADER Tilt,1.2908645365415403
2023-09-20,-0.004904084748418447,Standard VADER Tilt,1.2845340274556127
2023-09-21,-0.01854733291772125,Standard VADER Tilt,1.260709347204252
2023-09-22,-0.0034078431957333868,Standard VADER Tilt,1.2564130474335846
2023-09-25,0.0019065467653695592,Standard VADER Tilt,1.2588084576651373
2023-09-26,-0.012052319456047754,Standard VADER Tilt,1.2436368959993822
2023-09-27,-0.0018017832873970857,Standard VADER Tilt,1.24139613182458
2023-09-28,0.0038558541230648414,Standard VADER Tilt,1.2461827742178326
2023-09-29,-0.0012950551793229391,Standard VADER Tilt,1.2445688987616987
2023-10-02,-0.015351384789957312,Standard VADER Tilt,1.2254630426991944
2023-10-03,-0.008208484501092343,Standard VADER Tilt,1.2154038483065366
2023-10-04,0.0009648147205367397,Standard VADER Tilt,1.2165764878307799
2023-10-05,-0.002159438304770165,Standard VADER Tilt,1.2139493659622753
2023-10-06,0.010438846046365882,Standard VADER Tilt,1.226621596501639
2023-10-09,0.009043292919128768,Standard VADER Tilt,1.2377142948997328
2023-10-10,0.008419243599757084,Standard VADER Tilt,1.2481349130553951
2023-10-11,0.003468480179500695,Standard VADER Tilt,1.2524640442626704
2023-10-12,-0.008443694957872526,Standard VADER Tilt,1.241888619927213
2023-10-13,0.0015565800625646333,Standard VADER Tilt,1.2438217189929175
2023-10-16,0.00998323455610025,Standard VADER Tilt,1.2562390829595955
2023-10-17,0.00261309548446559,Standard VADER Tilt,1.2595217556346865
2023-10-18,-0.013987803125566028,Standard VADER Tilt,1.2419038132845013
2023-10-19,-0.00908842492297563,Standard VADER Tilt,1.2306168637159078
2023-10-20,-0.009053722658295592,Standard VADER Tilt,1.2194751999332025
2023-10-23,-0.006669986644596405,Standard VADER Tilt,1.2113413166362315
2023-10-24,0.0110489275161993,Standard VADER Tilt,1.2247253390411226
2023-10-25,-0.011298013799130018,Standard VADER Tilt,1.2108883752604918
2023-10-26,-0.0023654686689512892,Standard VADER Tilt,1.2080240567472158
2023-10-27,-0.010851906503820605,Standard VADER Tilt,1.1949146926290288
2023-10-30,0.00986949648921863,Standard VADER Tilt,1.2067078989928466
2023-10-31,0.006273141149243221,Standard VADER Tilt,1.2142777479691353
2023-11-01,0.005076838283633073,Standard VADER Tilt,1.2204424397269888
2023-11-02,0.025770385601488404,Standard VADER Tilt,1.2518937120031746
2023-11-03,0.012773527052799069,Standard VADER Tilt,1.2678848102006761
2023-11-06,-0.004387191493539042,Standard VADER Tilt,1.2623223567465762
2023-11-07,-0.0034333181105683686,Standard VADER Tilt,1.257988402537783
2023-11-08,-0.0009848105757338332,Standard VADER Tilt,1.2567495222548133
2023-11-09,-0.008705565880099093,Standard VADER Tilt,1.245808806494041
2023-11-10,0.010839729794594617,Standard VADER Tilt,1.2593130373321626
2023-11-13,-0.0011321282789354043,Standard VADER Tilt,1.257887333430567
2023-11-14,0.024407673115231628,Standard VADER Tilt,1.2885894362807306
2023-11-15,0.00540517815215129,Standard VADER Tilt,1.2955544917488082
2023-11-16,0.0010303026291788946,Standard VADER Tilt,1.2968893049479016
2023-11-17,0.0029489430136946963,Standard VADER Tilt,1.300713757603263
2023-11-20,0.00462561096458052,Standard VADER Tilt,1.3067303534222134
2023-11-21,-0.0027464587884073748,Standard VADER Tilt,1.3031414723589783
2023-11-22,0.001755924493248053,Standard VADER Tilt,1.3054296903884608
2023-11-24,0.0024146916858595433,Standard VADER Tilt,1.3085819006083161
2023-11-27,0.0005228527279972179,Standard VADER Tilt,1.309266096224857
2023-11-28,0.001793922943341595,Standard VADER Tilt,1.3116148187138141
2023-11-29,0.0049329846001811865,Standard VADER Tilt,1.3180849944158988
2023-11-30,0.006147450328630299,Standard VADER Tilt,1.3261878564479834
2023-12-01,0.009248895980316588,Standard VADER Tilt,1.3384536299826297
2023-12-04,-0.001760927717851381,Standard VADER Tilt,1.3360967098865344
2023-12-05,-0.005293830651576133,Standard VADER Tilt,1.3290236401702669
2023-12-06,-0.0005010634041404808,Standard VADER Tilt,1.32835771506094
2023-12-07,0.0046884749266645894,Standard VADER Tilt,1.3345856869016448
2023-12-08,0.0032441245991872516,Standard VADER Tilt,1.3389152491582457
2023-12-11,0.006699563850990699,Standard VADER Tilt,1.3478853973610465
2023-12-12,0.0009172009971243904,Standard VADER Tilt,1.3491216791915155
2023-12-13,0.021074605767329287,Standard VADER Tilt,1.3775538867126338
2023-12-14,0.014595065223023979,Standard VADER Tilt,1.397659375537435
2023-12-15,-0.0032036759130899695,Standard VADER Tilt,1.3931817278613212
2023-12-18,-0.001708689566322808,Standard VADER Tilt,1.3908012127789329
2023-12-19,0.008068495859866315,Standard VADER Tilt,1.4020228866061366
2023-12-20,-0.01482661148977153,Standard VADER Tilt,1.3812356379666595
2023-12-21,0.00807732622283495,Standard VADER Tilt,1.3923923288051216
2023-12-22,0.0019539245662061337,Standard VADER Tilt,1.3951129583821709
2023-12-26,0.006632759074419819,Standard VADER Tilt,1.4043664065167207
2023-12-27,0.0015376548378701843,Standard VADER Tilt,1.4065258373158436
2023-12-28,0.001292807039771623,Standard VADER Tilt,1.408344203819946
2023-12-29,-0.0031173995732788826,Standard VADER Tilt,1.403953832199928
2021-01-04,-0.013558804844300743,Finance-Adjusted VADER Tilt,0.9864411951556993
2021-01-05,0.012322126495412616,Finance-Adjusted VADER Tilt,0.9985962483426938
2021-01-06,0.014024184437216536,Finance-Adjusted VADER Tilt,1.0126007463077644
2021-01-07,0.009767177630938848,Finance-Adjusted VADER Tilt,1.0224909976661736
2021-01-08,0.002532410377975225,Finance-Adjusted VADER Tilt,1.0250803644800495
2021-01-11,0.0002951190615653387,Finance-Adjusted VADER Tilt,1.025382885235244
2021-01-12,0.0037330004628428177,Finance-Adjusted VADER Tilt,1.0292106400204184
2021-01-13,-0.00038797921388185655,Finance-Adjusted VADER Tilt,1.0288113276853843
2021-01-14,0.0037732162053517753,Finance-Adjusted VADER Tilt,1.0326932552592563
2021-01-15,-0.012627494033539775,Finance-Adjusted VADER Tilt,1.0196529273399932
2021-01-19,0.007301798236626432,Finance-Adjusted VADER Tilt,1.0270982272868152
2021-01-20,0.0073136373334427305,Finance-Adjusted VADER Tilt,1.034610051227013
2021-01-21,-0.007742431576703749,Finance-Adjusted VADER Tilt,1.026599653696818
2021-01-22,-0.003352828282252858,Finance-Adjusted VADER Tilt,1.0231576413433525
2021-01-25,0.0014249484376229818,Finance-Adjusted VADER Tilt,1.0246155882258268
2021-01-26,-0.005622958327568103,Finance-Adjusted VADER Tilt,1.0188542174714563
2021-01-27,-0.026254397971000445,Finance-Adjusted VADER Tilt,0.9921048133715284
2021-01-28,0.010699720695824023,Finance-Adjusted VADER Tilt,1.0027200577755864
2021-01-29,-0.014997157077641538,Finance-Adjusted VADER Tilt,0.9876821075642241
2021-02-01,0.008498569740383342,Finance-Adjusted VADER Tilt,0.9960759928366876
2021-02-02,0.01799375307484457,Finance-Adjusted VADER Tilt,1.0139991382955715
2021-02-03,0.0006972011992040495,Finance-Adjusted VADER Tilt,1.014706099710783
2021-02-04,0.0092946112305534,Finance-Adjusted VADER Tilt,1.024137398420866
2021-02-05,0.006083824927287377,Finance-Adjusted VADER Tilt,1.0303680710543461
2021-02-08,0.012504419160743782,Finance-Adjusted VADER Tilt,1.0432522253046568
2021-02-09,-0.0026980206070743792,Finance-Adjusted VADER Tilt,1.0404375093024085
2021-02-10,0.001366771727846524,Finance-Adjusted VADER Tilt,1.041859549874714
2021-02-11,-0.0006963213407191848,Finance-Adjusted VADER Tilt,1.0411340808361043
2021-02-12,0.004269542322404623,Finance-Adjusted VADER Tilt,1.0455792468575318
2021-02-16,0.0009469139317567882,Finance-Adjusted VADER Tilt,1.046569320413137
2021-02-17,0.0020732962509243565,Finance-Adjusted VADER Tilt,1.0487391686614822
2021-02-18,-0.005903518046132215,Finance-Adjusted VADER Tilt,1.0425479180536035
2021-02-19,0.001627214965241341,Finance-Adjusted VADER Tilt,1.0442443676278417
2021-02-22,0.0018344869485525047,Finance-Adjusted VADER Tilt,1.0461600202913544
2021-02-23,0.000597509536906686,Finance-Adjusted VADER Tilt,1.0467851108806088
2021-02-24,0.015266896982294258,Finance-Adjusted VADER Tilt,1.0627662713310224
2021-02-25,-0.019118448042582586,Finance-Adjusted VADER Tilt,1.042447829591171
2021-02-26,-0.013152159055017928,Finance-Adjusted VADER Tilt,1.0287373899298298
2021-03-01,0.019899466870667567,Finance-Adjusted VADER Tilt,1.0492087155393555
2021-03-02,-0.0029644773448307122,Finance-Adjusted VADER Tilt,1.04609836007214
2021-03-03,-0.00717672365969915,Finance-Adjusted VADER Tilt,1.0385908012210379
2021-03-04,-0.007886005804273797,Finance-Adjusted VADER Tilt,1.0304004681343435
2021-03-05,0.017645188580877304,Finance-Adjusted VADER Tilt,1.0485820787083981
2021-03-08,0.0022028851613927623,Finance-Adjusted VADER Tilt,1.0508919846100873
2021-03-09,0.006151102373014587,Finance-Adjusted VADER Tilt,1.0573561287904043
2021-03-10,0.01021484696972885,Finance-Adjusted VADER Tilt,1.0681568598385032
2021-03-11,0.005068808227083445,Finance-Adjusted VADER Tilt,1.0735711421174683
2021-03-12,0.007278416867622799,Finance-Adjusted VADER Tilt,1.081385040426849
2021-03-15,0.005207489363816107,Finance-Adjusted VADER Tilt,1.0870163415230616
2021-03-16,-0.0005881081766344426,Finance-Adjusted VADER Tilt,1.0863770583244765
2021-03-17,0.00257663342011492,Finance-Adjusted VADER Tilt,1.0891762537598015
2021-03-18,-0.01357954417847998,Finance-Adjusted VADER Tilt,1.074385736703719
2021-03-19,-0.005220316498443962,Finance-Adjusted VADER Tilt,1.0687771031167117
2021-03-22,0.005427767001721694,Finance-Adjusted VADER Tilt,1.0745781762092044
2021-03-23,-0.008325831128543609,Finance-Adjusted VADER Tilt,1.0656314197796681
2021-03-24,-0.0034027869856277588,Finance-Adjusted VADER Tilt,1.062005303052966
2021-03-25,0.007299101813617492,Finance-Adjusted VADER Tilt,1.0697569878865512
2021-03-26,0.019651361309768765,Finance-Adjusted VADER Tilt,1.0907791689691597
2021-03-29,0.0010054225254119494,Finance-Adjusted VADER Tilt,1.0918758629158913
2021-03-30,-0.003135730749859102,Finance-Adjusted VADER Tilt,1.088452034197517
2021-03-31,-0.001177063258883445,Finance-Adjusted VADER Tilt,1.0871708572990062
2021-04-01,0.011934483306513309,Finance-Adjusted VADER Tilt,1.100145679746769
2021-04-05,0.004708537198425575,Finance-Adjusted VADER Tilt,1.105325756603544
2021-04-06,0.0003648362735072711,Finance-Adjusted VADER Tilt,1.105729019533595
2021-04-07,-0.0009742157245107084,Finance-Adjusted VADER Tilt,1.1046518009357176
2021-04-08,-0.0012601227456617455,Finance-Adjusted VADER Tilt,1.1032598040753223
2021-04-09,0.0026094448081362123,Finance-Adjusted VADER Tilt,1.106138699643092
2021-04-12,-0.0004924650997214456,Finance-Adjusted VADER Tilt,1.1055939649380664
2021-04-13,0.0015805799098283322,Finance-Adjusted VADER Tilt,1.107341444547475
2021-04-14,0.0035127676568169454,Finance-Adjusted VADER Tilt,1.1112312777589344
2021-04-15,0.009249960332542106,Finance-Adjusted VADER Tilt,1.1215101229984845
2021-04-16,0.0028334006465779767,Finance-Adjusted VADER Tilt,1.1246878105061322
2021-04-19,-0.003602363557640146,Finance-Adjusted VADER Tilt,1.1206362761238429
2021-04-20,-0.009028739662481876,Finance-Adjusted VADER Tilt,1.1105183429303875
2021-04-21,0.010589317592513676,Finance-Adjusted VADER Tilt,1.1222779743559894
2021-04-22,-0.009764681999684088,Finance-Adjusted VADER Tilt,1.1113192868211537
2021-04-23,0.008986959008535354,Finance-Adjusted VADER Tilt,1.12130666769721
2021-04-26,0.0009742862389853421,Finance-Adjusted VADER Tilt,1.1223991413532302
2021-04-27,0.0011920124196433486,Finance-Adjusted VADER Tilt,1.1237370550695203
2021-04-28,0.00071879421578127,Finance-Adjusted VADER Tilt,1.1245447907647634
2021-04-29,0.009058322393454523,Finance-Adjusted VADER Tilt,1.1347312800253906
2021-04-30,-0.007147044981429173,Finance-Adjusted VADER Tilt,1.1266213045252145
2021-05-03,0.007474712192449408,Finance-Adjusted VADER Tilt,1.1350424745264225
2021-05-04,-0.00242675878438929,Finance-Adjusted VADER Tilt,1.1322880002307105
2021-05-05,0.006331295926838586,Finance-Adjusted VADER Tilt,1.1394568506345795
2021-05-06,0.007895490322613318,Finance-Adjusted VADER Tilt,1.1484534211718003
2021-05-07,0.00973210048476797,Finance-Adjusted VADER Tilt,1.1596302852687197
2021-05-10,-0.003952310145400019,Finance-Adjusted VADER Tilt,1.1550470667273391
2021-05-11,-0.009822172303591671,Finance-Adjusted VADER Tilt,1.143701995419185
2021-05-12,-0.015162129316868257,Finance-Adjusted VADER Tilt,1.1263610378646791
2021-05-13,0.008207671803740142,Finance-Adjusted VADER Tilt,1.1356058395959925
2021-05-14,0.013826789950467632,Finance-Adjusted VADER Tilt,1.1513076230066106
2021-05-17,0.0036897975922445523,Finance-Adjusted VADER Tilt,1.1555557151019131
2021-05-18,-0.009096641942912424,Finance-Adjusted VADER Tilt,1.145044038516545
2021-05-19,-0.006145362435851772,Finance-Adjusted VADER Tilt,1.1380073278948495
2021-05-20,0.00821270888466924,Finance-Adjusted VADER Tilt,1.1473534507874703
2021-05-21,0.0022752185998424533,Finance-Adjusted VADER Tilt,1.1499639306992955
2021-05-24,0.0057832670561137,Finance-Adjusted VADER Tilt,1.1566144792154278
2021-05-25,-0.006027210936388423,Finance-Adjusted VADER Tilt,1.1496433197771154
2021-05-26,0.0037418934101281385,Finance-Adjusted VADER Tilt,1.1539451625393873
2021-05-27,0.002173351892469356,Finance-Adjusted VADER Tilt,1.1564530914421982
2021-05-28,0.002867894933042005,Finance-Adjusted VADER Tilt,1.159769677403446
2021-06-01,0.005399450219121252,Finance-Adjusted VADER Tilt,1.1660317960422322
2021-06-02,0.003310092326669668,Finance-Adjusted VADER Tilt,1.1698914689429643
2021-06-03,0.0012811796777457713,Finance-Adjusted VADER Tilt,1.1713903101181422
2021-06-04,0.006919878444372238,Finance-Adjusted VADER Tilt,1.1794961886750752
2021-06-07,-0.001920856732758681,Finance-Adjusted VADER Tilt,1.1772305454797956
2021-06-08,-0.0025374554556141806,Finance-Adjusted VADER Tilt,1.1742433754096522
2021-06-09,-0.002597987785369139,Finance-Adjusted VADER Tilt,1.1711927054632874
2021-06-10,0.0035361979345703083,Finance-Adjusted VADER Tilt,1.1753342746893305
2021-06-11,1.3945697728340778e-05,Finance-Adjusted VADER Tilt,1.1753506655458552
2021-06-14,-0.0012308020914896314,Finance-Adjusted VADER Tilt,1.1739040414884676
2021-06-15,-0.002225502611165087,Finance-Adjusted VADER Tilt,1.1712915149788778
2021-06-16,-0.008060444738973709,Finance-Adjusted VADER Tilt,1.1618503844491619
2021-06-17,-0.007813596010174171,Finance-Adjusted VADER Tilt,1.1527721549208105
2021-06-18,-0.014637937382225031,Finance-Adjusted VADER Tilt,1.1358979483011071
2021-06-21,0.01612398821610239,Finance-Adjusted VADER Tilt,1.154213153434209
2021-06-22,0.0015719430927297034,Finance-Adjusted VADER Tilt,1.1560275108282876
2021-06-23,-0.0035541362944998406,Finance-Adjusted VADER Tilt,1.1519188314946125
2021-06-24,0.007975619577225104,Finance-Adjusted VADER Tilt,1.1611060978784553
2021-06-25,0.008182861855192205,Finance-Adjusted VADER Tilt,1.170607268676616
2021-06-28,-0.0013368802713704384,Finance-Adjusted VADER Tilt,1.1690423069135993
2021-06-29,-7.212684165829634e-05,Finance-Adjusted VADER Tilt,1.1689579875842369
2021-06-30,0.003953786744915454,Finance-Adjusted VADER Tilt,1.1735797981809106
2021-07-01,0.006664440318092196,Finance-Adjusted VADER Tilt,1.181401050704406
2021-07-02,0.003718652153822487,Finance-Adjusted VADER Tilt,1.185794270266136
2021-07-06,-0.008895744199207559,Finance-Adjusted VADER Tilt,1.1752457477649623
2021-07-07,-2.5598641887600087e-06,Finance-Adjusted VADER Tilt,1.1752427392954596
2021-07-08,-0.00695184229880059,Finance-Adjusted VADER Tilt,1.1670726371090672
2021-07-09,0.011755526854367745,Finance-Adjusted VADER Tilt,1.1807921908356005
2021-07-12,0.0042576240366209005,Finance-Adjusted VADER Tilt,1.1858195600495565
2021-07-13,-0.00466645501215082,Finance-Adjusted VADER Tilt,1.1802859864200568
2021-07-14,-0.0013629164978662043,Finance-Adjusted VADER Tilt,1.1786773551769645
2021-07-15,-0.0011324422458400792,Finance-Adjusted VADER Tilt,1.177342571145747
2021-07-16,-0.008971995644025,Finance-Adjusted VADER Tilt,1.1667794587259022
2021-07-19,-0.01704230763699918,Finance-Adjusted VADER Tilt,1.1468948442457638
2021-07-20,0.010878729144635418,Finance-Adjusted VADER Tilt,1.1593716026136924
2021-07-21,0.009644813268928985,Finance-Adjusted VADER Tilt,1.1705535252302006
2021-07-22,-0.001192079536978719,Finance-Adjusted VADER Tilt,1.1691581323258353
2021-07-23,0.005315640687624485,Finance-Adjusted VADER Tilt,1.1753729568642937
2021-07-26,0.005291422332843926,Finance-Adjusted VADER Tilt,1.1815923515776663
2021-07-27,-0.0020108574681803743,Finance-Adjusted VADER Tilt,1.1792163377731515
2021-07-28,0.0021756931177967483,Finance-Adjusted VADER Tilt,1.181781950643638
2021-07-29,0.0062850908488386896,Finance-Adjusted VADER Tilt,1.1892095575669512
2021-07-30,-0.005237299575561379,Finance-Adjusted VADER Tilt,1.1829813108558522
2021-08-02,-0.00265690696598564,Finance-Adjusted VADER Tilt,1.1798382395704086
2021-08-03,0.006774731872433947,Finance-Adjusted VADER Tilt,1.1878313272963428
2021-08-04,-0.007974889127719523,Finance-Adjusted VADER Tilt,1.1783585041587226
2021-08-05,0.004728094076453485,Finance-Adjusted VADER Tilt,1.183929894022174
2021-08-06,0.003423984873469018,Finance-Adjusted VADER Tilt,1.1879836520705538
2021-08-09,-0.0026300081959284944,Finance-Adjusted VADER Tilt,1.1848592453289792
2021-08-10,0.006404174657936224,Finance-Adjusted VADER Tilt,1.1924472908811365
2021-08-11,0.008705091182714345,Finance-Adjusted VADER Tilt,1.2028276532788376
2021-08-12,0.001880598013075326,Finance-Adjusted VADER Tilt,1.205089688573666
2021-08-13,0.0009140454488170214,Finance-Adjusted VADER Tilt,1.206191195318923
2021-08-16,-0.0016097850043495874,Finance-Adjusted VADER Tilt,1.2042494868203202
2021-08-17,-0.00564054969496986,Finance-Adjusted VADER Tilt,1.1974568577447682
2021-08-18,-0.012873222179923942,Finance-Adjusted VADER Tilt,1.1820417295641463
2021-08-19,-0.004607182152606196,Finance-Adjusted VADER Tilt,1.1765958480040626
2021-08-20,0.005517809027385016,Finance-Adjusted VADER Tilt,1.1830880791957632
2021-08-23,0.010181590653958133,Finance-Adjusted VADER Tilt,1.1951337977257122
2021-08-24,0.002224737175613547,Finance-Adjusted VADER Tilt,1.1977926563153447
2021-08-25,0.00046447564665680346,Finance-Adjusted VADER Tilt,1.1983490018339475
2021-08-26,-0.007038387468852554,Finance-Adjusted VADER Tilt,1.1899145572361276
2021-08-27,0.01135321215853403,Finance-Adjusted VADER Tilt,1.2034239096549575
2021-08-30,-0.0009938438756118663,Finance-Adjusted VADER Tilt,1.2022278941725821
2021-08-31,-0.0007254139076488188,Finance-Adjusted VADER Tilt,1.201355781337986
2021-09-01,-0.002395026527215823,Finance-Adjusted VADER Tilt,1.1984785023730575
2021-09-02,0.007012661057059325,Finance-Adjusted VADER Tilt,1.206883025894372
2021-09-03,-0.0035951908616038268,Finance-Adjusted VADER Tilt,1.2025440510686516
2021-09-07,-0.009929334772859993,Finance-Adjusted VADER Tilt,1.1906035886064799
2021-09-08,-0.00226749256283969,Finance-Adjusted VADER Tilt,1.1879039038240244
2021-09-09,-0.006045983658468928,Finance-Adjusted VADER Tilt,1.180721856233673
2021-09-10,-0.0036595719866877553,Finance-Adjusted VADER Tilt,1.1764009196045302
2021-09-13,0.005925618052876146,Finance-Adjusted VADER Tilt,1.1833718221311589
2021-09-14,-0.009823669671990278,Finance-Adjusted VADER Tilt,1.1717467682514011
2021-09-15,0.008985894053815939,Finance-Adjusted VADER Tilt,1.1822759605688093
2021-09-16,-0.005034868957065475,Finance-Adjusted VADER Tilt,1.1763233560362567
2021-09-17,-0.011296540647045024,Finance-Adjusted VADER Tilt,1.1630349714307247
2021-09-20,-0.017449052543483275,Finance-Adjusted VADER Tilt,1.1427411131043215
2021-09-21,-0.0020080586642797016,Finance-Adjusted VADER Tilt,1.1404464219111237
2021-09-22,0.009464302901122242,Finance-Adjusted VADER Tilt,1.1512399522905916
2021-09-23,0.01208623569293476,Finance-Adjusted VADER Tilt,1.1651541096930986
2021-09-24,-0.0020459806529561065,Finance-Adjusted VADER Tilt,1.1627702269269542
2021-09-27,0.0042089123950569,Finance-Adjusted VADER Tilt,1.16766422494767
2021-09-28,-0.010915493535669174,Finance-Adjusted VADER Tilt,1.1549185936484216
2021-09-29,0.003673906726838848,Finance-Adjusted VADER Tilt,1.1591616568385776
2021-09-30,-0.01062467988501053,Finance-Adjusted VADER Tilt,1.1468459352996894
2021-10-01,0.012394783367151893,Finance-Adjusted VADER Tilt,1.1610608422232276
2021-10-04,-0.0030508638074009187,Finance-Adjusted VADER Tilt,1.1575186037214984
2021-10-05,0.0058656913877461955,Finance-Adjusted VADER Tilt,1.1643082506265037
2021-10-06,0.0007698748724290824,Finance-Adjusted VADER Tilt,1.165204622292423
2021-10-07,0.008229110584957313,Finance-Adjusted VADER Tilt,1.1747932199833708
2021-10-08,-0.0007033244908433297,Finance-Adjusted VADER Tilt,1.1739669591400799
2021-10-11,-0.008804504979000136,Finance-Adjusted VADER Tilt,1.1636307612031493
2021-10-12,-0.0007346032739203605,Finance-Adjusted VADER Tilt,1.162775954236335
2021-10-13,0.0032051662261560862,Finance-Adjusted VADER Tilt,1.1665028444534395
2021-10-14,0.012943089509927128,Finance-Adjusted VADER Tilt,1.181600995182785
2021-10-15,0.004935983864626574,Finance-Adjusted VADER Tilt,1.1874333586294339
2021-10-18,0.0009359406022249159,Finance-Adjusted VADER Tilt,1.1885447257222115
2021-10-19,0.009372533137054821,Finance-Adjusted VADER Tilt,1.1996844005489147
2021-10-20,0.008573145663092564,Finance-Adjusted VADER Tilt,1.2099694696645604
2021-10-21,0.0008682178299907215,Finance-Adjusted VADER Tilt,1.2110199867318676
2021-10-22,0.0011407942091943314,Finance-Adjusted VADER Tilt,1.21240151131995
2021-10-25,0.006712685452312695,Finance-Adjusted VADER Tilt,1.2205399813073494
2021-10-26,0.005370135254021905,Finance-Adjusted VADER Tilt,1.2270944460899111
2021-10-27,-0.016371545026457133,Finance-Adjusted VADER Tilt,1.2070050141140347
2021-10-28,0.008324973163926124,Finance-Adjusted VADER Tilt,1.2170532984652582
2021-10-29,-0.002806746665384813,Finance-Adjusted VADER Tilt,1.2136373381781953
2021-11-01,0.0077823766157365405,Finance-Adjusted VADER Tilt,1.223082321018818
2021-11-02,0.00414054862647605,Finance-Adjusted VADER Tilt,1.2281465528431796
2021-11-03,0.004745473027546623,Finance-Adjusted VADER Tilt,1.2339746891835714
2021-11-04,0.004910733736551162,Finance-Adjusted VADER Tilt,1.2400344103197956
2021-11-05,0.004508183986532486,Finance-Adjusted VADER Tilt,1.2456247135911485
2021-11-08,0.004317639866446335,Finance-Adjusted VADER Tilt,1.2510028725131805
2021-11-09,-0.0008980166879183136,Finance-Adjusted VADER Tilt,1.24987945105703
2021-11-10,-0.008612694683898487,Finance-Adjusted VADER Tilt,1.2391146209533972
2021-11-11,0.0015425847058033078,Finance-Adjusted VADER Tilt,1.2410260602164171
2021-11-12,0.0021569577497297632,Finance-Adjusted VADER Tilt,1.2437029009946177
2021-11-15,-0.0008831568078504274,Finance-Adjusted VADER Tilt,1.242604516310661
2021-11-16,0.0007311929655463224,Finance-Adjusted VADER Tilt,1.2435130999919433
2021-11-17,-0.006672117323352106,Finance-Adjusted VADER Tilt,1.2352162346956717
2021-11-18,-0.0008499633213970507,Finance-Adjusted VADER Tilt,1.2341663462021861
2021-11-19,-0.008601411873560158,Finance-Adjusted VADER Tilt,1.2235507731380144
2021-11-22,0.001705261228796938,Finance-Adjusted VADER Tilt,1.225637246832911
2021-11-23,0.007717122574377957,Finance-Adjusted VADER Tilt,1.2350956396984438
2021-11-24,0.002066187736914206,Finance-Adjusted VADER Tilt,1.237647579163105
2021-11-26,-0.022555971530656225,Finance-Adjusted VADER Tilt,1.2097312356025163
2021-11-29,0.008166910129037292,Finance-Adjusted VADER Tilt,1.2196110018839714
2021-11-30,-0.02284638272331196,Finance-Adjusted VADER Tilt,1.1917473021613683
2021-12-01,-0.013034720356517392,Finance-Adjusted VADER Tilt,1.1762132093420608
2021-12-02,0.021393739256088888,Finance-Adjusted VADER Tilt,1.2013768080522922
2021-12-03,-0.0006585995500292033,Finance-Adjusted VADER Tilt,1.2005855818270934
2021-12-06,0.013762393916570009,Finance-Adjusted VADER Tilt,1.2171085135347524
2021-12-07,0.014399600944338804,Finance-Adjusted VADER Tilt,1.23463439043561
2021-12-08,-0.0006846640613357346,Finance-Adjusted VADER Tilt,1.2337890806395897
2021-12-09,-0.006318532421764995,Finance-Adjusted VADER Tilt,1.2259933443319488
2021-12-10,0.005370753511557229,Finance-Adjusted VADER Tilt,1.2325778523911655
2021-12-13,-0.005485295478338529,Finance-Adjusted VADER Tilt,1.225816798670744
2021-12-14,-0.001816166685589731,Finance-Adjusted VADER Tilt,1.223590511038362
2021-12-15,0.008037542724213077,Finance-Adjusted VADER Tilt,1.2334251720477745
2021-12-16,0.005360484046577919,Finance-Adjusted VADER Tilt,1.2400369280051842
2021-12-17,-0.012583413302616673,Finance-Adjusted VADER Tilt,1.2244330308295879
2021-12-20,-0.007965545996877491,Finance-Adjusted VADER Tilt,1.2146797532024187
2021-12-21,0.013549269427530238,Finance-Adjusted VADER Tilt,1.2311377764467244
2021-12-22,0.00586481311626485,Finance-Adjusted VADER Tilt,1.2383581694259582
2021-12-23,0.004872949610873746,Finance-Adjusted VADER Tilt,1.2443926263857847
2021-12-27,0.012044219185106543,Finance-Adjusted VADER Tilt,1.2593803639303054
2021-12-28,0.0020155208613743462,Finance-Adjusted VADER Tilt,1.261918671326212
2021-12-29,0.0006508292281000949,Finance-Adjusted VADER Tilt,1.2627399648809963
2021-12-30,-0.001292912131333133,Finance-Adjusted VADER Tilt,1.2611073530616825
2021-12-31,-0.0010308275731092922,Finance-Adjusted VADER Tilt,1.2598073688294957
2022-01-03,0.008966980129581373,Finance-Adjusted VADER Tilt,1.2711040364728898
2022-01-04,0.008685314741572109,Finance-Adjusted VADER Tilt,1.2821439750989398
2022-01-05,-0.01018545296910058,Finance-Adjusted VADER Tilt,1.2690847579409539
2022-01-06,0.0014507697818883316,Finance-Adjusted VADER Tilt,1.2709259077584298
2022-01-07,0.0017472493943737218,Finance-Adjusted VADER Tilt,1.2731465322810547
2022-01-10,-0.005568014827752981,Finance-Adjusted VADER Tilt,1.2660576335114115
2022-01-11,0.011082592077919635,Finance-Adjusted VADER Tilt,1.2800888338107548
2022-01-12,0.002257920983128911,Finance-Adjusted VADER Tilt,1.2829791732488849
2022-01-13,-0.005273979583320821,Finance-Adjusted VADER Tilt,1.2762127672833443
2022-01-14,0.003512646069265569,Finance-Adjusted VADER Tilt,1.2806956510438887
2022-01-18,-0.010782614100498661,Finance-Adjusted VADER Tilt,1.2668864040584955
2022-01-19,-0.007673575237014522,Finance-Adjusted VADER Tilt,1.2571648559202018
2022-01-20,-0.011832703588428658,Finance-Adjusted VADER Tilt,1.2422891968183083
2022-01-21,-0.013488401457348097,Finance-Adjusted VADER Tilt,1.2255327014054964
2022-01-24,0.0019755867385909437,Finance-Adjusted VADER Tilt,1.2279538475581027
2022-01-25,-0.001120895004417534,Finance-Adjusted VADER Tilt,1.2265774402247194
2022-01-26,-0.0076827083856621506,Finance-Adjusted VADER Tilt,1.217154003439041
2022-01-27,-0.003057103753606228,Finance-Adjusted VADER Tilt,1.2134330373664106
2022-01-28,0.015889194817994275,Finance-Adjusted VADER Tilt,1.232713511295716
2022-01-31,0.01256020106033527,Finance-Adjusted VADER Tilt,1.248196640847382
2022-02-01,0.01039670549581592,Finance-Adjusted VADER Tilt,1.2611737737231388
2022-02-02,0.009868872280010042,Finance-Adjusted VADER Tilt,1.2736201366189106
2022-02-03,-0.00947702587379097,Finance-Adjusted VADER Tilt,1.261550005630792
2022-02-04,-0.001036773082542412,Finance-Adjusted VADER Tilt,1.2602420645426726
2022-02-07,0.0023959850396258336,Finance-Adjusted VADER Tilt,1.263261585675624
2022-02-08,0.0034201311503898974,Finance-Adjusted VADER Tilt,1.267582105975884
2022-02-09,0.012486732914668482,Finance-Adjusted VADER Tilt,1.283410065180618
2022-02-10,-0.016936886001619963,Finance-Adjusted VADER Tilt,1.2616730952133222
2022-02-11,-0.010314716539318567,Finance-Adjusted VADER Tilt,1.248659294870912
2022-02-14,-0.00661717742053592,Finance-Adjusted VADER Tilt,1.24039669477895
2022-02-15,0.010133648274561478,Finance-Adjusted VADER Tilt,1.2529664386047685
2022-02-16,-0.0004139590123483864,Finance-Adjusted VADER Tilt,1.252447761855338
2022-02-17,-0.015279713928777213,Finance-Adjusted VADER Tilt,1.233310718343451
2022-02-18,-0.008491364718463018,Finance-Adjusted VADER Tilt,1.2228382272228073
2022-02-22,-0.006729207008084939,Finance-Adjusted VADER Tilt,1.2146094956544253
2022-02-23,-0.01105127374438754,Finance-Adjusted VADER Tilt,1.2011865136254158
2022-02-24,0.006188979002049212,Finance-Adjusted VADER Tilt,1.2086206317357884
2022-02-25,0.025361984132120426,Finance-Adjusted VADER Tilt,1.2392736490196248
2022-02-28,-0.001849274261204007,Finance-Adjusted VADER Tilt,1.2369818921579046
2022-03-01,-0.012729870507308035,Finance-Adjusted VADER Tilt,1.2212352728508495
2022-03-02,0.01955411265711526,Finance-Adjusted VADER Tilt,1.2451154449570179
2022-03-03,-0.0009205735741141075,Finance-Adjusted VADER Tilt,1.2439692245816691
2022-03-04,0.002710333357807176,Finance-Adjusted VADER Tilt,1.2473407958671383
2022-03-07,-0.01657887442957007,Finance-Adjusted VADER Tilt,1.226661289441577
2022-03-08,-0.004560282777911367,Finance-Adjusted VADER Tilt,1.221067367089006
2022-03-09,0.013321833386411847,Finance-Adjusted VADER Tilt,1.2373342231069502
2022-03-10,-0.00035575826431822623,Finance-Adjusted VADER Tilt,1.236894031231356
2022-03-11,-0.008263842703681147,Finance-Adjusted VADER Tilt,1.2266725335161381
2022-03-14,-0.010129192045020217,Finance-Adjusted VADER Tilt,1.2142473318478018
2022-03-15,0.008651401312282639,Finance-Adjusted VADER Tilt,1.2247522728079856
2022-03-16,0.014714996221168643,Finance-Adjusted VADER Tilt,1.2427744978742228
2022-03-17,0.014978087091938418,Finance-Adjusted VADER Tilt,1.261388882539023
2022-03-18,0.004470696544790751,Finance-Adjusted VADER Tilt,1.2670281694578276
2022-03-21,0.004141981492407684,Finance-Adjusted VADER Tilt,1.2722761766860813
2022-03-22,0.004837758824069729,Finance-Adjusted VADER Tilt,1.2784311419864982
2022-03-23,-0.009439315353860842,Finance-Adjusted VADER Tilt,1.2663636272790912
2022-03-24,0.010408117284229725,Finance-Adjusted VADER Tilt,1.2795440884362945
2022-03-25,0.009138133481823733,Finance-Adjusted VADER Tilt,1.2912367331123038
2022-03-28,0.0005489206685300571,Finance-Adjusted VADER Tilt,1.2919455196430745
2022-03-29,0.012183281059909824,Finance-Adjusted VADER Tilt,1.3076856550229774
2022-03-30,-0.003773640657580252,Finance-Adjusted VADER Tilt,1.3027509192678484
2022-03-31,-0.014241068504931141,Finance-Adjusted VADER Tilt,1.284198354181693
2022-04-01,0.00608809367547577,Finance-Adjusted VADER Tilt,1.2920166740598429
2022-04-04,0.0023594817782554302,Finance-Adjusted VADER Tilt,1.2950651638594894
2022-04-05,-0.010704699072111643,Finance-Adjusted VADER Tilt,1.2812018810015986
2022-04-06,-0.0010365620859516978,Finance-Adjusted VADER Tilt,1.2798738357073023
2022-04-07,0.0015786998166716678,Finance-Adjusted VADER Tilt,1.2818943722970961
2022-04-08,0.0030120098190490018,Finance-Adjusted VADER Tilt,1.2857554507334386
2022-04-11,-0.011556117179020206,Finance-Adjusted VADER Tilt,1.270897110081199
2022-04-12,-0.0006122597211176503,Finance-Adjusted VADER Tilt,1.2701189909710113
2022-04-13,0.008934589728462025,Finance-Adjusted VADER Tilt,1.2814669830616656
2022-04-14,-0.0018775723758676494,Finance-Adjusted VADER Tilt,1.2790609360536827
2022-04-18,0.0004849352320559294,Finance-Adjusted VADER Tilt,1.2796811977655216
2022-04-19,0.011999969514331597,Finance-Adjusted VADER Tilt,1.295037333126771
2022-04-20,0.0016232393343953942,Finance-Adjusted VADER Tilt,1.2971394886654128
2022-04-21,-0.011342716918902531,Finance-Adjusted VADER Tilt,1.2824264026411512
2022-04-22,-0.02358056551663462,Finance-Adjusted VADER Tilt,1.2521860628334096
2022-04-25,-0.0026540118117519707,Finance-Adjusted VADER Tilt,1.2488627462321387
2022-04-26,-0.019901437254421346,Finance-Adjusted VADER Tilt,1.2240085826486153
2022-04-27,0.0005717281145070031,Finance-Adjusted VADER Tilt,1.2247083827677134
2022-04-28,0.0166730694859221,Finance-Adjusted VADER Tilt,1.2451280307335908
2022-04-29,-0.03473336761335063,Finance-Adjusted VADER Tilt,1.2018805411164335
2022-05-02,0.003802381805504973,Finance-Adjusted VADER Tilt,1.2064505498183653
2022-05-03,0.0063936796890301,Finance-Adjusted VADER Tilt,1.214164208194558
2022-05-04,0.030427986893813583,Finance-Adjusted VADER Tilt,1.2511087808084396
2022-05-05,-0.025016465935398906,Finance-Adjusted VADER Tilt,1.219810460611867
2022-05-06,-0.003483449020016337,Finance-Adjusted VADER Tilt,1.215561313058243
2022-05-09,-0.03458757370862429,Finance-Adjusted VADER Tilt,1.173517996545489
2022-05-10,-0.004598577936644663,Finance-Adjusted VADER Tilt,1.1681214825783195
2022-05-11,-0.003327304731247863,Finance-Adjusted VADER Tilt,1.1642347864426643
2022-05-12,0.002484340703606989,Finance-Adjusted VADER Tilt,1.167127142311179
2022-05-13,0.021417796491457235,Finance-Adjusted VADER Tilt,1.192124433924856
2022-05-16,0.0018748161396801193,Finance-Adjusted VADER Tilt,1.1943594480540856
2022-05-17,0.018961923161155404,Finance-Adjusted VADER Tilt,1.217006800134887
2022-05-18,-0.027143629280853263,Finance-Adjusted VADER Tilt,1.1839728187197482
2022-05-19,-0.002017893359388288,Finance-Adjusted VADER Tilt,1.1815836878311574
2022-05-20,0.0006445080348122868,Finance-Adjusted VADER Tilt,1.1823452280117677
2022-05-23,0.01897088804917554,Finance-Adjusted VADER Tilt,1.2047753669678558
2022-05-24,0.0011682785856966282,Finance-Adjusted VADER Tilt,1.206182880229659
2022-05-25,0.0083855025384326,Finance-Adjusted VADER Tilt,1.2162973298336386
2022-05-26,0.014389958778726075,Finance-Adjusted VADER Tilt,1.2337997982726194
2022-05-27,0.01890940904025751,Finance-Adjusted VADER Tilt,1.2571302233319437
2022-05-31,-0.007669478127998107,Finance-Adjusted VADER Tilt,1.247488690580054
2022-06-01,-0.0051314597095924305,Finance-Adjusted VADER Tilt,1.2410872526261703
2022-06-02,0.014682990176726899,Finance-Adjusted VADER Tilt,1.2593101245649414
2022-06-03,-0.008157711187775507,Finance-Adjusted VADER Tilt,1.249037036272899
2022-06-06,-0.0006619229024538396,Finance-Adjusted VADER Tilt,1.248210270052577
2022-06-07,0.010290624836569057,Finance-Adjusted VADER Tilt,1.2610551336588407
2022-06-08,-0.012701644457442533,Finance-Adjusted VADER Tilt,1.2450376597098736
2022-06-09,-0.023462502144435095,Finance-Adjusted VADER Tilt,1.215825960949028
2022-06-10,-0.02565115135863618,Finance-Adjusted VADER Tilt,1.1846386251989653
2022-06-13,-0.04052430107054762,Finance-Adjusted VADER Tilt,1.1366319728916028
2022-06-14,-0.006290582678392143,Finance-Adjusted VADER Tilt,1.1294818954912242
2022-06-15,0.010574184269765901,Finance-Adjusted VADER Tilt,1.141425245183513
2022-06-16,-0.028943525806740714,Finance-Adjusted VADER Tilt,1.1083883741430784
2022-06-17,-0.004166638259858913,Finance-Adjusted VADER Tilt,1.103770120736591
2022-06-21,0.021595108324952268,Finance-Adjusted VADER Tilt,1.1276061560597435
2022-06-22,-0.0029652298342371605,Finance-Adjusted VADER Tilt,1.1242625446445256
2022-06-23,0.0031448993856967988,Finance-Adjusted VADER Tilt,1.1277982372305402
2022-06-24,0.027848394540100546,Finance-Adjusted VADER Tilt,1.159205607502566
2022-06-27,-0.0030881301712737605,Finance-Adjusted VADER Tilt,1.1556258296913278
2022-06-28,-0.009869658494275712,Finance-Adjusted VADER Tilt,1.1442201974051103
2022-06-29,-0.00470182190929517,Finance-Adjusted VADER Tilt,1.138840277811893
2022-06-30,-0.007280435486264574,Finance-Adjusted VADER Tilt,1.1305490246401237
2022-07-01,0.01060845186336821,Finance-Adjusted VADER Tilt,1.1425423995471964
2022-07-05,-0.00576800238372177,Finance-Adjusted VADER Tilt,1.135952212263105
2022-07-06,-9.637277242097538e-05,Finance-Adjusted VADER Tilt,1.1358427373990714
2022-07-07,0.01369974795948404,Finance-Adjusted VADER Tilt,1.151403496623049
2022-07-08,-0.0033291611554262654,Finance-Adjusted VADER Tilt,1.1475702888278696
2022-07-11,-0.007841468629774502,Finance-Adjusted VADER Tilt,1.1385716524075646
2022-07-12,-0.0033160132124393925,Finance-Adjusted VADER Tilt,1.1347961337648722
2022-07-13,-0.0038148956465336404,Finance-Adjusted VADER Tilt,1.1304670049344694
2022-07-14,-0.00352016877186905,Finance-Adjusted VADER Tilt,1.1264875702860708
2022-07-15,0.01855481510550589,Finance-Adjusted VADER Tilt,1.1473893388713794
2022-07-18,-0.0035669086014003953,Finance-Adjusted VADER Tilt,1.143296705969404
2022-07-19,0.027722937439870282,Finance-Adjusted VADER Tilt,1.1749922490242033
2022-07-20,0.0034558562019458322,Finance-Adjusted VADER Tilt,1.1790528532752318
2022-07-21,0.0060457281822956345,Finance-Adjusted VADER Tilt,1.186181086338694
2022-07-22,-0.005733058362023376,Finance-Adjusted VADER Tilt,1.1793806409427858
2022-07-25,0.0032069763147719943,Finance-Adjusted VADER Tilt,1.18316288672439
2022-07-26,-0.005501873451020292,Finance-Adjusted VADER Tilt,1.1766532742496885
2022-07-27,0.012028532271317477,Finance-Adjusted VADER Tilt,1.1908066861311521
2022-07-28,0.010143332818017258,Finance-Adjusted VADER Tilt,1.2028854346705005
2022-07-29,0.009702488161574598,Finance-Adjusted VADER Tilt,1.2145564163601215
2022-08-01,-0.0016822920587043592,Finance-Adjusted VADER Tilt,1.2125131777460303
2022-08-02,-0.009351647214219551,Finance-Adjusted VADER Tilt,1.2011741822651572
2022-08-03,0.005880464891989762,Finance-Adjusted VADER Tilt,1.2082376448731318
2022-08-04,-0.0017860363338104215,Finance-Adjusted VADER Tilt,1.2060796885395109
2022-08-05,0.0013821243665796614,Finance-Adjusted VADER Tilt,1.207746640665078
2022-08-08,-0.00041901149981445334,Finance-Adjusted VADER Tilt,1.2072405809337772
2022-08-09,-0.0005894140493650341,Finance-Adjusted VADER Tilt,1.2065290163744111
2022-08-10,0.016182327348020924,Finance-Adjusted VADER Tilt,1.2260534638722673
2022-08-11,0.005903880688705855,Finance-Adjusted VADER Tilt,1.2332919372409439
2022-08-12,0.014934342705776841,Finance-Adjusted VADER Tilt,1.2517103416879716
2022-08-15,0.0041589532804444575,Finance-Adjusted VADER Tilt,1.256916146519701
2022-08-16,0.002394261113322931,Finance-Adjusted VADER Tilt,1.2599255319720208
2022-08-17,-0.007864559913709997,Finance-Adjusted VADER Tilt,1.2500167721390139
2022-08-18,0.004301413280158537,Finance-Adjusted VADER Tilt,1.2553936108831134
2022-08-19,-0.008362132869559414,Finance-Adjusted VADER Tilt,1.2448958427053127
2022-08-22,-0.019238755282769807,Finance-Adjusted VADER Tilt,1.2209455962349676
2022-08-23,0.0023301667556015634,Finance-Adjusted VADER Tilt,1.2237906030737122
2022-08-24,0.002715429754307603,Finance-Adjusted VADER Tilt,1.2271137204903404
2022-08-25,0.01337469087374966,Finance-Adjusted VADER Tilt,1.2435259871688358
2022-08-26,-0.027174176110354078,Finance-Adjusted VADER Tilt,1.209734192995708
2022-08-29,-0.0030337300145502778,Finance-Adjusted VADER Tilt,1.2060641860647892
2022-08-30,-0.01419139300912769,Finance-Adjusted VADER Tilt,1.18894845520611
2022-08-31,-0.007319945240761968,Finance-Adjusted VADER Tilt,1.1802454176199129
2022-09-01,-0.0012717900908522895,Finance-Adjusted VADER Tilt,1.17874439319301
2022-09-02,-0.009441312634703521,Finance-Adjusted VADER Tilt,1.1676154988604708
2022-09-06,-0.003957302305352987,Finance-Adjusted VADER Tilt,1.1629948913550643
2022-09-07,0.015665538602474983,Finance-Adjusted VADER Tilt,1.181213832720068
2022-09-08,0.0056552543312338435,Finance-Adjusted VADER Tilt,1.1878938973636715
2022-09-09,0.014631990611853017,Finance-Adjusted VADER Tilt,1.2052751497177743
2022-09-12,0.008636795131755567,Finance-Adjusted VADER Tilt,1.2156848642632827
2022-09-13,-0.03972678276912383,Finance-Adjusted VADER Tilt,1.1673896157449835
2022-09-14,0.00340108154849275,Finance-Adjusted VADER Tilt,1.171360003026996
2022-09-15,-0.0169143158569513,Finance-Adjusted VADER Tilt,1.151547249953598
2022-09-16,-0.007788648960508223,Finance-Adjusted VADER Tilt,1.1425782526622708
2022-09-19,0.0063527494785989335,Finance-Adjusted VADER Tilt,1.1498367660611295
2022-09-20,-0.015557943960462891,Finance-Adjusted VADER Tilt,1.1319476700910707
2022-09-21,-0.016992296290455743,Finance-Adjusted VADER Tilt,1.112713279895592
2022-09-22,-0.009444471999777347,Finance-Adjusted VADER Tilt,1.1022042904798377
2022-09-23,-0.0231505628104849,Finance-Adjusted VADER Tilt,1.0766876408230983
2022-09-26,-0.016248874134660213,Finance-Adjusted VADER Tilt,1.0591926788650194
2022-09-27,-0.004094236216288602,Finance-Adjusted VADER Tilt,1.0548560938391827
2022-09-28,0.021436129421005323,Finance-Adjusted VADER Tilt,1.0774681255872554
2022-09-29,-0.019880730616210394,Finance-Adjusted VADER Tilt,1.056047272034902
2022-09-30,-0.014586496131560702,Finance-Adjusted VADER Tilt,1.0406432425866197
2022-10-03,0.031802227230730465,Finance-Adjusted VADER Tilt,1.0737380154534837
2022-10-04,0.02965692493343733,Finance-Adjusted VADER Tilt,1.1055817831759656
2022-10-05,-0.002865397881500974,Finance-Adjusted VADER Tilt,1.102413851476627
2022-10-06,-0.011005770986413008,Finance-Adjusted VADER Tilt,1.0902809370950257
2022-10-07,-0.022013127464330755,Finance-Adjusted VADER Tilt,1.066280443854823
2022-10-10,-0.005771504349058183,Finance-Adjusted VADER Tilt,1.0601264016357992
2022-10-11,-0.003236399795486752,Finance-Adjusted VADER Tilt,1.056695408766355
2022-10-12,-0.004968614450659847,Finance-Adjusted VADER Tilt,1.0514450966884126
2022-10-13,0.029841957836780564,Finance-Adjusted VADER Tilt,1.082822276931478
2022-10-14,-0.018189218658165758,Finance-Adjusted VADER Tilt,1.0631265857684382
2022-10-17,0.019412956786688126,Finance-Adjusted VADER Tilt,1.08376501623674
2022-10-18,0.011989172434621904,Finance-Adjusted VADER Tilt,1.0967584618950132
2022-10-19,-0.007415064899188525,Finance-Adjusted VADER Tilt,1.0886259267213276
2022-10-20,-0.0040626802923207994,Finance-Adjusted VADER Tilt,1.0842031876231275
2022-10-21,0.024627846376623366,Finance-Adjusted VADER Tilt,1.1109047771689553
2022-10-24,0.008115019741393633,Finance-Adjusted VADER Tilt,1.11991979136649
2022-10-25,0.015661607820788213,Finance-Adjusted VADER Tilt,1.137459535929611
2022-10-26,0.00563929104734515,Finance-Adjusted VADER Tilt,1.143874001307296
2022-10-27,0.0003817391912998546,Finance-Adjusted VADER Tilt,1.1443106628435042
2022-10-28,0.02263828056616865,Finance-Adjusted VADER Tilt,1.1702158886838139
2022-10-31,-0.006742737580629613,Finance-Adjusted VADER Tilt,1.1623254300337356
2022-11-01,0.002312009265910715,Finance-Adjusted VADER Tilt,1.1650127371979773
2022-11-02,-0.016701726056885108,Finance-Adjusted VADER Tilt,1.1455550136085146
2022-11-03,-0.002130719529317139,Finance-Adjusted VADER Tilt,1.143114157169112
2022-11-04,0.01756058541028824,Finance-Adjusted VADER Tilt,1.1631879109597898
2022-11-07,0.006789207305849034,Finance-Adjusted VADER Tilt,1.1710850348229533
2022-11-08,0.006404261238724154,Finance-Adjusted VADER Tilt,1.1785849693187198
2022-11-09,-0.021078900813343515,Finance-Adjusted VADER Tilt,1.153741693650353
2022-11-10,0.04895969749626558,Finance-Adjusted VADER Tilt,1.2102285379603035
2022-11-11,0.011038535353323262,Finance-Adjusted VADER Tilt,1.223587688462179
2022-11-14,-0.009001010983089712,Finance-Adjusted VADER Tilt,1.2125741622395576
2022-11-15,0.009797616090882998,Finance-Adjusted VADER Tilt,1.2244544983629049
2022-11-16,-0.010390419120094491,Finance-Adjusted VADER Tilt,1.2117319029314293
2022-11-17,-0.002438422420058136,Finance-Adjusted VADER Tilt,1.2087771886922216
2022-11-18,0.005132396233824006,Finance-Adjusted VADER Tilt,1.214981112182998
2022-11-21,0.00047815126809635584,Finance-Adjusted VADER Tilt,1.2155620569425014
2022-11-22,0.014519178396608125,Finance-Adjusted VADER Tilt,1.2332110192993975
2022-11-23,0.003616132455127687,Finance-Adjusted VADER Tilt,1.237670473690307
2022-11-25,0.000899735235403748,Finance-Adjusted VADER Tilt,1.2387840494253048
2022-11-28,-0.018216833854357527,Finance-Adjusted VADER Tilt,1.2162173262154958
2022-11-29,0.0038905474572357027,Finance-Adjusted VADER Tilt,1.2209490774414495
2022-11-30,0.023917225116010174,Finance-Adjusted VADER Tilt,1.2501507913818017
2022-12-01,-0.00014302838337195225,Finance-Adjusted VADER Tilt,1.2499719843351391
2022-12-02,0.0019848188616103622,Finance-Adjusted VADER Tilt,1.2524529523061319
2022-12-05,-0.017027345909286586,Finance-Adjusted VADER Tilt,1.2311270026521082
2022-12-06,-0.012007071342527776,Finance-Adjusted VADER Tilt,1.216344772899552
2022-12-07,-0.0010557473237050425,Finance-Adjusted VADER Tilt,1.2150606201608607
2022-12-08,0.006942763127547616,Finance-Adjusted VADER Tilt,1.2234964982322487
2022-12-09,-0.0106088738511352,Finance-Adjusted VADER Tilt,1.2105165782251972
2022-12-12,0.01643678989478331,Finance-Adjusted VADER Tilt,1.2304135848856368
2022-12-13,0.008774507282436745,Finance-Adjusted VADER Tilt,1.2412098578466249
2022-12-14,-0.008529172638521682,Finance-Adjusted VADER Tilt,1.230623364688416
2022-12-15,-0.021535686855326346,Finance-Adjusted VADER Tilt,1.204121045269638
2022-12-16,-0.009554289208802183,Finance-Adjusted VADER Tilt,1.1926165245607268
2022-12-19,-0.006476401314770978,Finance-Adjusted VADER Tilt,1.184892661333044
2022-12-20,0.0034331932433077773,Finance-Adjusted VADER Tilt,1.1889606268119777
2022-12-21,0.017831666591906246,Finance-Adjusted VADER Tilt,1.2101617763001928
2022-12-22,-0.011242133671080927,Finance-Adjusted VADER Tilt,1.1965569758473933
2022-12-23,0.007898832581566515,Finance-Adjusted VADER Tilt,1.2060083790739173
2022-12-27,0.0009492570108746567,Finance-Adjusted VADER Tilt,1.207153190982927
2022-12-28,-0.013003801438342243,Finance-Adjusted VADER Tilt,1.1914556105817238
2022-12-29,0.013020774978205639,Finance-Adjusted VADER Tilt,1.206969285983629
2022-12-30,-0.001973207552733652,Finance-Adjusted VADER Tilt,1.2045876850726085
2023-01-03,0.0018320053788062301,Finance-Adjusted VADER Tilt,1.2067944961909052
2023-01-04,0.01827033082845347,Finance-Adjusted VADER Tilt,1.2288430308782698
2023-01-05,-0.006626253043268678,Finance-Adjusted VADER Tilt,1.2207004060052131
2023-01-06,0.02321047474113217,Finance-Adjusted VADER Tilt,1.2490334419452869
2023-01-09,2.0792295117084037e-06,Finance-Adjusted VADER Tilt,1.2490360389724804
2023-01-10,0.007601823850214148,Finance-Adjusted VADER Tilt,1.2585309909233184
2023-01-11,0.009876693479707422,Finance-Adjusted VADER Tilt,1.2709611157553806
2023-01-12,0.007461001417815171,Finance-Adjusted VADER Tilt,1.2804437584420194
2023-01-13,0.0034054905459149284,Finance-Adjusted VADER Tilt,1.2848042975559695
2023-01-17,-0.003987189412590216,Finance-Adjusted VADER Tilt,1.279681539463504
2023-01-18,-0.015959647812773724,Finance-Adjusted VADER Tilt,1.2592582727811583
2023-01-19,-0.007664497872924566,Finance-Adjusted VADER Tilt,1.2496066904279646
2023-01-20,0.015392972667876047,Finance-Adjusted VADER Tilt,1.2688418520593174
2023-01-23,0.011699403910920812,Finance-Adjusted VADER Tilt,1.2836865453856403
2023-01-24,-0.0030011486486384025,Finance-Adjusted VADER Tilt,1.2798340112446809
2023-01-25,0.0019573360321508033,Finance-Adjusted VADER Tilt,1.2823390764700622
2023-01-26,0.009160500559483599,Finance-Adjusted VADER Tilt,1.294085944297514
2023-01-27,-0.001169068438584672,Finance-Adjusted VADER Tilt,1.2925730692632196
2023-01-30,-0.010966584192939425,Finance-Adjusted VADER Tilt,1.2783979578736184
2023-01-31,0.011859314765291076,Finance-Adjusted VADER Tilt,1.2935588816513468
2023-02-01,0.00604282666102995,Finance-Adjusted VADER Tilt,1.3013756337490017
2023-02-02,7.271530033465395e-05,Finance-Adjusted VADER Tilt,1.3014702636690578
2023-02-03,-0.01283989868350169,Finance-Adjusted VADER Tilt,1.284759517343957
2023-02-06,-0.004242399277246044,Finance-Adjusted VADER Tilt,1.279309054496142
2023-02-07,0.010491804814938646,Finance-Adjusted VADER Tilt,1.2927313153938993
2023-02-08,-0.009567075217924485,Finance-Adjusted VADER Tilt,1.2803636576629596
2023-02-09,-0.009793768619070322,Finance-Adjusted VADER Tilt,1.267824072251542
2023-02-10,0.007748930213160077,Finance-Adjusted VADER Tilt,1.2776483525099835
2023-02-13,0.008563473743892672,Finance-Adjusted VADER Tilt,1.2885894606306305
2023-02-14,-0.0005630765617175325,Finance-Adjusted VADER Tilt,1.2878638861076732
2023-02-15,7.174796912729776e-05,Finance-Adjusted VADER Tilt,1.2879562877260138
2023-02-16,-0.013975557798446581,Finance-Adjusted VADER Tilt,1.2699563801850262
2023-02-17,-0.0028428112760640646,Finance-Adjusted VADER Tilt,1.2663461338673268
2023-02-21,-0.017548622551664096,Finance-Adjusted VADER Tilt,1.2441235035443299
2023-02-22,-0.005546327191458007,Finance-Adjusted VADER Tilt,1.23722318752709
2023-02-23,0.005532707533765234,Finance-Adjusted VADER Tilt,1.2440683815776703
2023-02-24,-0.009125127893677835,Finance-Adjusted VADER Tilt,1.2327160984872934
2023-02-27,0.0017740259167883874,Finance-Adjusted VADER Tilt,1.234902968794052
2023-02-28,-0.004578406797590799,Finance-Adjusted VADER Tilt,1.2292490806473604
2023-03-01,-0.0010957845268935319,Finance-Adjusted VADER Tilt,1.2279020885250889
2023-03-02,0.01217153617878802,Finance-Adjusted VADER Tilt,1.2428475432195814
2023-03-03,0.013103538340401578,Finance-Adjusted VADER Tilt,1.2591332436534333
2023-03-06,-0.0018845974658610349,Finance-Adjusted VADER Tilt,1.2567602843332626
2023-03-07,-0.01701547992230724,Finance-Adjusted VADER Tilt,1.2353759049480368
2023-03-08,0.0035177711372114473,Finance-Adjusted VADER Tilt,1.2397216746500694
2023-03-09,-0.017134442163434984,Finance-Adjusted VADER Tilt,1.2184797353170211
2023-03-10,-0.013088011198499516,Finance-Adjusted VADER Tilt,1.2025322588960472
2023-03-13,-0.0033855715778244202,Finance-Adjusted VADER Tilt,1.1984609998589117
2023-03-14,0.014941671956888065,Finance-Adjusted VADER Tilt,1.2163680109719277
2023-03-15,-0.008717802431036505,Finance-Adjusted VADER Tilt,1.2057639549688417
2023-03-16,0.015130054842790461,Finance-Adjusted VADER Tilt,1.2240072297349802
2023-03-17,-0.010986518952183104,Finance-Adjusted VADER Tilt,1.2105596511078878
2023-03-20,0.010343921279950938,Finance-Adjusted VADER Tilt,1.2230815848436327
2023-03-21,0.007130479828606212,Finance-Adjusted VADER Tilt,1.2318027434131
2023-03-22,-0.019282121023187174,Finance-Adjusted VADER Tilt,1.2080509738379146
2023-03-23,0.002640139138086102,Finance-Adjusted VADER Tilt,1.2112403964947471
2023-03-24,0.007531797081089326,Finance-Adjusted VADER Tilt,1.2203632133775637
2023-03-27,0.003559825145252404,Finance-Adjusted VADER Tilt,1.2247074930308863
2023-03-28,0.0012877218289612177,Finance-Adjusted VADER Tilt,1.2262845756037546
2023-03-29,0.015856666335033926,Finance-Adjusted VADER Tilt,1.245729360950902
2023-03-30,0.005257489046772709,Finance-Adjusted VADER Tilt,1.2522787694213444
2023-03-31,0.01221031782342865,Finance-Adjusted VADER Tilt,1.2675694911995112
2023-04-03,0.007008577437715125,Finance-Adjusted VADER Tilt,1.276453350136268
2023-04-04,-0.004751427417544214,Finance-Adjusted VADER Tilt,1.2703883746912144
2023-04-05,0.0038484618237758783,Finance-Adjusted VADER Tilt,1.2752774158525824
2023-04-06,-0.00022858909144447768,Finance-Adjusted VADER Tilt,1.2749859013467528
2023-04-10,0.0032966893890846076,Finance-Adjusted VADER Tilt,1.2791891338389552
2023-04-11,0.0023865685670819304,Finance-Adjusted VADER Tilt,1.2822420064171278
2023-04-12,-0.0021836595482562166,Finance-Adjusted VADER Tilt,1.27944202641664
2023-04-13,0.006970444568518427,Finance-Adjusted VADER Tilt,1.2883603061404099
2023-04-14,-0.005688879771396068,Finance-Adjusted VADER Tilt,1.281030979256538
2023-04-17,0.0047635215485612005,Finance-Adjusted VADER Tilt,1.287133197930601
2023-04-18,0.00019082533915976884,Finance-Adjusted VADER Tilt,1.2873788155596402
2023-04-19,0.0021842876744752886,Finance-Adjusted VADER Tilt,1.2901908212388478
2023-04-20,-0.007375867786076268,Finance-Adjusted VADER Tilt,1.2806745443225809
2023-04-21,-0.0009603196118278795,Finance-Adjusted VADER Tilt,1.2794446874412992
2023-04-24,0.0017054923635213604,Finance-Adjusted VADER Tilt,1.2816267705852784
2023-04-25,-0.014406363119106202,Finance-Adjusted VADER Tilt,1.2631631899450595
2023-04-26,-0.012754015029220333,Finance-Adjusted VADER Tilt,1.2470527876361424
2023-04-27,0.014447813918888122,Finance-Adjusted VADER Tilt,1.2650699742589402
2023-04-28,0.009266930947913745,Finance-Adjusted VADER Tilt,1.2767932903546766
2023-05-01,-0.0037181898606531974,Finance-Adjusted VADER Tilt,1.2720459304883298
2023-05-02,-0.01677939854462957,Finance-Adjusted VADER Tilt,1.2507017648535919
2023-05-03,-0.012365775629885363,Finance-Adjusted VADER Tilt,1.2352358674495107
2023-05-04,-0.0047718232035977165,Finance-Adjusted VADER Tilt,1.229341540275299
2023-05-05,0.01717624977140382,Finance-Adjusted VADER Tilt,1.25045701762543
2023-05-08,-0.000609306272984329,Finance-Adjusted VADER Tilt,1.2496951063204935
2023-05-09,-0.004189995915757756,Finance-Adjusted VADER Tilt,1.2444588889290682
2023-05-10,-0.0016305129931740256,Finance-Adjusted VADER Tilt,1.2424297825411983
2023-05-11,-0.009401692664489644,Finance-Adjusted VADER Tilt,1.2307488395685373
2023-05-12,-0.0007226075746947888,Finance-Adjusted VADER Tilt,1.2298594911345182
2023-05-15,0.003954835899190787,Finance-Adjusted VADER Tilt,1.2347233836010174
2023-05-16,-0.016153638662673806,Finance-Adjusted VADER Tilt,1.2147781082139726
2023-05-17,0.012007010275474147,Finance-Adjusted VADER Tilt,1.2293639614417187
2023-05-18,0.005736151999531603,Finance-Adjusted VADER Tilt,1.2364157799872946
2023-05-19,-0.0024838907466289643,Finance-Adjusted VADER Tilt,1.2333446582723981
2023-05-22,0.0006180796064184963,Finance-Adjusted VADER Tilt,1.2341069634533617
2023-05-23,-0.0069850038191436445,Finance-Adjusted VADER Tilt,1.2254867216004082
2023-05-24,-0.009173047206210398,Finance-Adjusted VADER Tilt,1.2142452740525835
2023-05-25,0.001250388763772723,Finance-Adjusted VADER Tilt,1.215763552699723
2023-05-26,0.009013204567863295,Finance-Adjusted VADER Tilt,1.2267214783063578
2023-05-30,-0.0015902163619718305,Finance-Adjusted VADER Tilt,1.2247707257399727
2023-05-31,-0.005781754161825055,Finance-Adjusted VADER Tilt,1.2176894024991443
2023-06-01,0.005106149555602015,Finance-Adjusted VADER Tilt,1.2239071067005765
2023-06-02,0.019476530483435464,Finance-Adjusted VADER Tilt,1.2477445707731236
2023-06-05,-0.006048271024965056,Finance-Adjusted VADER Tilt,1.240197873439159
2023-06-06,0.004340760345459402,Finance-Adjusted VADER Tilt,1.245581275188707
2023-06-07,0.00844967192160183,Finance-Adjusted VADER Tilt,1.256106028315742
2023-06-08,0.0036964913927279627,Finance-Adjusted VADER Tilt,1.2607492134377647
2023-06-09,-0.0028959156782025174,Finance-Adjusted VADER Tilt,1.2570981900242888
2023-06-12,0.005167121023310405,Finance-Adjusted VADER Tilt,1.2635937685103287
2023-06-13,0.007472149472699808,Finance-Adjusted VADER Tilt,1.27303553002141
2023-06-14,4.1046754876962466e-05,Finance-Adjusted VADER Tilt,1.2730877839987607
2023-06-15,0.00992182265334572,Finance-Adjusted VADER Tilt,1.2857191352137374
2023-06-16,0.0004421715529045661,Finance-Adjusted VADER Tilt,1.286287643640354
2023-06-20,-0.012737219462704178,Finance-Adjusted VADER Tilt,1.2699039156311422
2023-06-21,-0.003256260945249436,Finance-Adjusted VADER Tilt,1.2657687771064532
2023-06-22,-0.005690267610577042,Finance-Adjusted VADER Tilt,1.2585662140316047
2023-06-23,-0.0071709576000307945,Finance-Adjusted VADER Tilt,1.2495410890739527
2023-06-26,0.0066547837145285605,Finance-Adjusted VADER Tilt,1.2578565147641563
2023-06-27,0.007255091605802975,Finance-Adjusted VADER Tilt,1.2669823790057262
2023-06-28,-0.001612999003379682,Finance-Adjusted VADER Tilt,1.2649387376910903
2023-06-29,0.006245624040230608,Finance-Adjusted VADER Tilt,1.2728390694806329
2023-06-30,0.008260539116757427,Finance-Adjusted VADER Tilt,1.2833534064034147
2023-07-03,0.005714330909780157,Finance-Adjusted VADER Tilt,1.2906869124417975
2023-07-05,-0.003978248011698018,Finance-Adjusted VADER Tilt,1.2855522397986512
2023-07-06,-0.012196430238312277,Finance-Adjusted VADER Tilt,1.2698730915882408
2023-07-07,0.0004522936508571698,Finance-Adjusted VADER Tilt,1.2704474471249605
2023-07-10,0.004628208714799966,Finance-Adjusted VADER Tilt,1.2763273430714397
2023-07-11,0.01419701136931973,Finance-Adjusted VADER Tilt,1.2944473768719986
2023-07-12,0.00833251526437826,Finance-Adjusted VADER Tilt,1.305233379398719
2023-07-13,0.0057511092030417,Finance-Adjusted VADER Tilt,1.3127399190990963
2023-07-14,-0.006538086043898993,Finance-Adjusted VADER Tilt,1.3041571125547655
2023-07-17,-0.003497074815752638,Finance-Adjusted VADER Tilt,1.2995963775606656
2023-07-18,0.0056946541798035865,Finance-Adjusted VADER Tilt,1.3069971295041989
2023-07-19,0.005762260400078965,Finance-Adjusted VADER Tilt,1.3145283873065576
2023-07-20,0.0016875942871969981,Finance-Adjusted VADER Tilt,1.3167467779033344
2023-07-21,0.004500517693092711,Finance-Adjusted VADER Tilt,1.3226728200746112
2023-07-24,0.005256363055143461,Finance-Adjusted VADER Tilt,1.3296252686200938
2023-07-25,0.0033646717736960396,Finance-Adjusted VADER Tilt,1.3340990212310129
2023-07-26,0.0022054130767059587,Finance-Adjusted VADER Tilt,1.3370412606580564
2023-07-27,-0.004750804880294911,Finance-Adjusted VADER Tilt,1.3306892385117666
2023-07-28,0.004464708389514865,Finance-Adjusted VADER Tilt,1.3366303779187871
2023-07-31,0.0042431145733562315,Finance-Adjusted VADER Tilt,1.3423018537545248
2023-08-01,-0.003816242746636693,Finance-Adjusted VADER Tilt,1.3371793040413371
2023-08-02,-0.013738719035186796,Finance-Adjusted VADER Tilt,1.3188081732834467
2023-08-03,-0.005307781796411016,Finance-Adjusted VADER Tilt,1.3118082272683347
2023-08-04,-0.002121062516347377,Finance-Adjusted VADER Tilt,1.3090258000088397
2023-08-07,0.007993786427330877,Finance-Adjusted VADER Tilt,1.3194898726819764
2023-08-08,-0.0031324589821141056,Finance-Adjusted VADER Tilt,1.3153566247784851
2023-08-09,-0.0017023172272499245,Finance-Adjusted VADER Tilt,1.3131174705361475
2023-08-10,0.0010075822105083778,Finance-Adjusted VADER Tilt,1.3144405443397675
2023-08-11,0.0019843793596148324,Finance-Adjusted VADER Tilt,1.3170488930253963
2023-08-14,0.0015274800439520253,Finance-Adjusted VADER Tilt,1.3190606589264016
2023-08-15,-0.013102249427191738,Finance-Adjusted VADER Tilt,1.301777997163552
2023-08-16,-0.008243825786448522,Finance-Adjusted VADER Tilt,1.2910463661423037
2023-08-17,-0.0044390890087961845,Finance-Adjusted VADER Tilt,1.285315296408515
2023-08-18,0.0019005907091754586,Finance-Adjusted VADER Tilt,1.28775815471923
2023-08-21,-0.0005389951026801038,Finance-Adjusted VADER Tilt,1.2870640593804001
2023-08-22,-0.005099487033124033,Finance-Adjusted VADER Tilt,1.2805006928987899
2023-08-23,0.007232275388228801,Finance-Adjusted VADER Tilt,1.2897616265446517
2023-08-24,-0.012347262889479125,Finance-Adjusted VADER Tilt,1.2738366006769426
2023-08-25,0.005105989427733945,Finance-Adjusted VADER Tilt,1.2803407968926594
2023-08-28,0.00803677399156654,Finance-Adjusted VADER Tilt,1.290630606509468
2023-08-29,0.011793865740211549,Finance-Adjusted VADER Tilt,1.3058521306028483
2023-08-30,0.00175422631223542,Finance-Adjusted VADER Tilt,1.3081428907702406
2023-08-31,-0.0030109535272181054,Finance-Adjusted VADER Tilt,1.3042041333191705
2023-09-01,0.0037461388658302916,Finance-Adjusted VADER Tilt,1.3090898631119738
2023-09-05,-0.008890115408019964,Finance-Adjusted VADER Tilt,1.2974519031494394
2023-09-06,-0.004181012248711714,Finance-Adjusted VADER Tilt,1.2920272408502573
2023-09-07,2.0854361751074328e-05,Finance-Adjusted VADER Tilt,1.2920541852537302
2023-09-08,0.002639614450355639,Finance-Adjusted VADER Tilt,1.2954647101517682
2023-09-11,0.002841305314792577,Finance-Adjusted VADER Tilt,1.2991455209178489
2023-09-12,0.0021943368215695436,Finance-Adjusted VADER Tilt,1.301996283770976
2023-09-13,-0.0008354188583121218,Finance-Adjusted VADER Tilt,1.3009085715220614
2023-09-14,0.012356535472104389,Finance-Adjusted VADER Tilt,1.3169832944320385
2023-09-15,-0.010282456349592165,Finance-Adjusted VADER Tilt,1.303441471193899
2023-09-18,-0.0003201121990069728,Finance-Adjusted VADER Tilt,1.3030242236782783
2023-09-19,-0.004430033436820137,Finance-Adjusted VADER Tilt,1.297251782798397
2023-09-20,-0.0049544133588715076,Finance-Adjusted VADER Tilt,1.2908246612358807
2023-09-21,-0.018565047446331636,Finance-Adjusted VADER Tilt,1.2668604401551418
2023-09-22,-0.0033916291409937967,Finance-Adjusted VADER Tilt,1.2625637193687393
2023-09-25,0.0019196132370853445,Finance-Adjusted VADER Tilt,1.2649873533971032
2023-09-26,-0.012175110155030726,Finance-Adjusted VADER Tilt,1.2495859930247728
2023-09-27,-0.0019048539433078125,Finance-Adjusted VADER Tilt,1.2472057142184574
2023-09-28,0.003779971941415665,Finance-Adjusted VADER Tilt,1.2519201168233767
2023-09-29,-0.0012245616069849834,Finance-Adjusted VADER Tilt,1.2503870635133025
2023-10-02,-0.015324000325292112,Finance-Adjusted VADER Tilt,1.2312261317452835
2023-10-03,-0.008211978350404733,Finance-Adjusted VADER Tilt,1.2211153294069386
2023-10-04,0.0009884718345621922,Finance-Adjusted VADER Tilt,1.2223223675168096
2023-10-05,-0.00214801559219767,Finance-Adjusted VADER Tilt,1.2196968000126915
2023-10-06,0.010423038027412925,Finance-Adjusted VADER Tilt,1.2324097461411376
2023-10-09,0.00903020636712601,Finance-Adjusted VADER Tilt,1.2435386604776493
2023-10-10,0.008403056934876333,Finance-Adjusted VADER Tilt,1.2539881866423628
2023-10-11,0.003461242822951844,Finance-Adjusted VADER Tilt,1.258328544253445
2023-10-12,-0.00842511621153158,Finance-Adjusted VADER Tilt,1.2477269800358224
2023-10-13,0.0015623632205111484,Finance-Adjusted VADER Tilt,1.2496763827786697
2023-10-16,0.009982786525070335,Finance-Adjusted VADER Tilt,1.2621516353333713
2023-10-17,0.0026200462694874124,Finance-Adjusted VADER Tilt,1.2654585310170539
2023-10-18,-0.013942956881733005,Finance-Adjusted VADER Tilt,1.2478142972834618
2023-10-19,-0.009096006116513308,Finance-Adjusted VADER Tilt,1.2364641708030988
2023-10-20,-0.00901345791171633,Finance-Adjusted VADER Tilt,1.2253193530402198
2023-10-23,-0.006665696461870472,Finance-Adjusted VADER Tilt,1.2171517461639982
2023-10-24,0.011029673298609417,Finance-Adjusted VADER Tilt,1.2305765322790192
2023-10-25,-0.011279398095148548,Finance-Adjusted VADER Tilt,1.2166963696848967
2023-10-26,-0.00236040261723156,Finance-Adjusted VADER Tilt,1.2138244763895163
2023-10-27,-0.010893888724395354,Finance-Adjusted VADER Tilt,1.2006012076127814
2023-10-30,0.009872953221933285,Finance-Adjusted VADER Tilt,1.212454687173739
2023-10-31,0.006251708424922613,Finance-Adjusted VADER Tilt,1.2200346003563798
2023-11-01,0.004966905558562383,Finance-Adjusted VADER Tilt,1.2260943969945284
2023-11-02,0.025823854915192408,Finance-Adjusted VADER Tilt,1.2577568808148454
2023-11-03,0.012523308647080726,Finance-Adjusted VADER Tilt,1.273508158436279
2023-11-06,-0.004441667097907612,Finance-Adjusted VADER Tilt,1.2678516591500357
2023-11-07,-0.0036096481576674377,Finance-Adjusted VADER Tilt,1.2632751607443893
2023-11-08,-0.0009943672254978484,Finance-Adjusted VADER Tilt,1.2620190013277595
2023-11-09,-0.008604924965602006,Finance-Adjusted VADER Tilt,1.25115942251617
2023-11-10,0.01079377535174526,Finance-Adjusted VADER Tilt,1.2646641562520289
2023-11-13,-0.0010006701762912723,Finance-Adjusted VADER Tilt,1.263398644547843
2023-11-14,0.024025626145748293,Finance-Adjusted VADER Tilt,1.2937525880547946
2023-11-15,0.005351227062509885,Finance-Adjusted VADER Tilt,1.3006757519161856
2023-11-16,0.0007869874110243089,Finance-Adjusted VADER Tilt,1.301699367358768
2023-11-17,0.0030622271250411548,Finance-Adjusted VADER Tilt,1.305685466470143
2023-11-20,0.0045941808115418405,Finance-Adjusted VADER Tilt,1.3116840215861092
2023-11-21,-0.0027418147452812625,Finance-Adjusted VADER Tilt,1.3080876269945747
2023-11-22,0.001718100644779199,Finance-Adjusted VADER Tilt,1.3103350531899418
2023-11-24,0.002423106681005845,Finance-Adjusted VADER Tilt,1.3135101348116824
2023-11-27,0.0004152749040669992,Finance-Adjusted VADER Tilt,1.3140556026069072
2023-11-28,0.0017135439936354908,Finance-Adjusted VADER Tilt,1.3163072946920575
2023-11-29,0.004799306720480195,Finance-Adjusted VADER Tilt,1.32262465713769
2023-11-30,0.0061134308364157565,Finance-Adjusted VADER Tilt,1.3307104315016394
2023-12-01,0.009276941801436754,Finance-Adjusted VADER Tilt,1.3430553547292448
2023-12-04,-0.0017645720969364839,Finance-Adjusted VADER Tilt,1.3406854367256484
2023-12-05,-0.005316168679821097,Finance-Adjusted VADER Tilt,1.3335581267974352
2023-12-06,-0.0005483397639210632,Finance-Adjusted VADER Tilt,1.332826883849012
2023-12-07,0.00482243526714889,Finance-Adjusted VADER Tilt,1.3392543552186897
2023-12-08,0.0033748812254124055,Finance-Adjusted VADER Tilt,1.343774179598169
2023-12-11,0.006694808137770064,Finance-Adjusted VADER Tilt,1.352770489911068
2023-12-12,0.0010074975695291122,Finance-Adjusted VADER Tilt,1.354133402891784
2023-12-13,0.021062324928914772,Finance-Adjusted VADER Tilt,1.3826546006205878
2023-12-14,0.01482578019974199,Finance-Adjusted VADER Tilt,1.4031535338215506
2023-12-15,-0.003159298801674004,Finance-Adjusted VADER Tilt,1.3987205525435835
2023-12-18,-0.0017850877472842305,Finance-Adjusted VADER Tilt,1.3962237136233633
2023-12-19,0.008080793541859851,Finance-Adjusted VADER Tilt,1.4075063091914026
2023-12-20,-0.014896007707269534,Finance-Adjusted VADER Tilt,1.386540084361657
2023-12-21,0.008143367564921133,Finance-Adjusted VADER Tilt,1.397831189912111
2023-12-22,0.0018446204155239843,Finance-Adjusted VADER Tilt,1.4004096578624792
2023-12-26,0.0066509272105454926,Finance-Adjusted VADER Tilt,1.4097236805618674
2023-12-27,0.0015373914609998522,Finance-Adjusted VADER Tilt,1.4118909777107327
2023-12-28,0.001330610757230221,Finance-Adjusted VADER Tilt,1.4137696550337109
2023-12-29,-0.0031149552963354267,Finance-Adjusted VADER Tilt,1.4093658257589654
